Tweet;HS_Religion;HS_Race;HS_Physical;HS_Gender;HS_Other;
Bukti Islam itu koplak;1;0;0;0;0;
USER USER Kaum cebong kapir udah keliatan dongoknya dari awal tambah dongok lagi hahahah';1;0;0;0;0;
USER USER USER USER USER USER Lawan bicara gw gak intelek kyk loe, yg otak gak punya. Ttg kencing onta, gw mengakui hadis nabi dan itu sahih. Kafir kyk loe pasti menolak, makanya loe ahlunnar.';1;0;0;0;0;
USER USER USER USER USER USER USER USER USER Islam Nusantara produk JIL, dipasarkan dg gencar oleh antek\xc2\xb2 JIL.\n\nSementara JIL anti Arab, tapi pro Aseng!\n\nKata (alm) KH. Hasyim Muzadi,;1;0;0;0;0;
GAPERNAH MENDALAMI AL-QURAN YA BANG??? PANTESAN MULUTNYA KAYA ORANG KAFIR BEJAT HINA farhatabbaslaw';0;0;1;0;0;
RT USER benci sekali dgn Umat Islam;1;0;0;0;0;
USER USER USER USER Gue saranin gk perlu bnyk bacot maling ayat, langsung to the point aja lu jadi orang... Yg tdk sepaham lu teriakin aja kafir sesat, liberal, pemuja dukun, bla blaaa.. pasti hatimu puas dehh ..';1;0;0;0;0;
USER kroasia itu kapir tauuu,ngapain blajar sm kapir...udh lupa sm kapling sorga??';1;0;0;0;0;
Bahaya Islam sudah TERBUKTI, lihat Teroris Islam, ISIS dll. USER di pandang dari sudut mana islam berbahay.;1;0;0;0;0;
USER Penjelasan sy bukan FITNAH, silahkan DIBANTAH USER Apollinaris Darmawan Sebut Al-Quran Kitab Sampah;1;0;0;0;0;
Oleh rezim skrg atas kendali Negara Cina Komunis yg mjd patron tunggal rezim anti islam ( Jokowi );1;0;0;0;0;
USER USER Kafir kristen selalu buat ulah;1;0;0;0;0;
USER Pak USER Mahfud MD sudah berpaling dari Allah SWT Pemberang, demi bangsa ajak semua Buang Islam;1;0;0;0;0;
Sementara itu USER kerjanya musuhi dakwah Islam & bubarkan HTI..! Rakyat jg berhak lengserkan jokowok tukang pencitraan!!;1;0;0;0;0;
Bubarkan HTI &amp;1;0;0;0;0;
USER bagi anda mungkin gk apa2, tapi bagi kami Muslim ini sangat menghinakan kami. Iblis betina itu sdh menista syariat kami';1;0;0;0;0;
Bagi Allah SWT dungu & biadab tak ada kata cukup sebelum semua kafir dihilangkan dari muka bumi & sisa hanya Mukmin;1;0;0;0;0;
USER KRISTUS ANJING ASU JIAMPUT KEPARAT PICEK TELEK PEJUH SIWUK KOTANG SIWUK IDIOT KEPARAT PICEK TELEK PEJUH SIWUK KOTANG SIWUK IDIOT KEPARAT PICEK TELEK PEJUH SIWUK KOTANG SIWUK IDIOT KEPARAT PICEK TELEK PEJUH SIWUK KOTANG SIWUK IDIOT KEPARAT PICEK TELEK PEJUH SIWUK K;1;0;0;0;0;
Budha bunuh muslim di myanmar;1;0;0;0;0;
USER jahudi bangke minta sama jerman sana tempat ibadah';1;0;0;0;0;
USER Namanya jg agama munafik...';1;0;0;0;0;
Agama jalan hidup benar, bukan nyembah2 Allah SWT dikira Tuhan benar, padahal dungu & biadab;1;0;0;0;0;
Azan di TV manggil2 Allah SWT dungu & biadab harus dihentikan dan acara catut nama Tuhan tidak boleh dilanjutkan;1;0;0;0;0;
Anda hebat bicara cinta masih pegang Quran sbagai pegangan hidup, Quran tak bicara cinta tapi perang, bunuh, penggal;1;0;0;0;0;
USER Rev 1: jgn pilih ulama yg DEKAT DG KAFIR dan MUNAFIK';1;0;0;0;0;
USER USER USER Hahahaha orang gila ngomong cak..??\nMakanya jangan terlalu banyak micin biar otak loe encer cong...\nNgomong ae ngawur muslim kamu itu muslim silit tau...babi.';1;0;0;0;0;
Kristen ortodox agama yang sangat mengerikan.. Mereka sholat,pake jilbab hampir sama penampilannya dengan orang...;1;0;0;0;0;
Cie ni akun berhasil membodohi kaum 212, yg bikin kaum-kaumnya sendiri biar dikata Jokowi ANTI ISLAM, wkwkwk :);1;0;0;0;0;
USER USER USER kafir haram jadi pemimpin nyet';1;0;0;0;0;
"Kita balas di sini gima kita usir budha ""USER: Kurang Ajar, Etnis Muslim Rohingya Disingkirkan dari Data Sensus Penduduk Myanmar";1;0;0;0;0;
RT USER: Ustadz PKS Yudi Widiana nilep duit pk bahasa agama Juz &amp;1;0;0;0;0;
Allah SWT yang disembah dungu & biadab ya PERCUMA;1;0;0;0;0;
Anda DIDUNGUKAN Islam, Quran mengajarkan AMORAL USER Ansor Sebagai agama, Islam punya posisi moralnya sendiri;1;0;0;0;0;
USER USER USER Tolol sekali anda ini? Ngaji dimana kau ini kl agama islam sprti itu? Ketahuan ini orang ngajinya sm orang ngk jelas ini?';0;0;0;0;1;
USER USER Cina kafir ini mah...Bangsat lu!! Dasar Komunis !!';1;0;0;0;0;
Ajak semua Muslim cari tahu siapa Muhammad sebenarnya, jangan sampai dia enak2 cocok2 penis bangsa ini jadi susah;1;0;0;0;0;
Bagaimana perasaan walubi kalo umat budha di indonesia yg di usir dan di bantai???;1;0;0;0;0;
Apakah berkat solat dan mengaji atau berkat belajar ilmu yang dikembangkan para kafir, Pak Lukman?;1;0;0;0;0;
Kok cuma cina non muslim yg dibantai? Tuh si USER jg cina, usir jg dong.;1;0;0;0;0;
USER USER Iya lah, kafir mana pantas sih, darahnya aja halal kok buat bani koplak kayak situ.';1;0;0;0;0;
Lapor apa? Dijelaskan Islam Sangat Hina, MUI, FPI dll tak mau dan mampu MEMBANTAH USER USER USER;1;0;0;0;0;
USER Pak USER sebelum Anda menjelaskan, Quran hanya kitab sampah berbahaya, kekacauan terus terjadi;1;0;0;0;0;
Anggota DPR ini pamer DUNGU & BIADAB Islam, Quran merintahkan penggal kafir, dia laksanakan, dia bisa bilang HAM;1;0;0;0;0;
"USER mau bukti ke RADIKAL an HTI dan FPI?!; apa kurang bukti di setiap orasi-orasinya HTI dan FPI selalu memfitnah dan caci maki terhadap pemerintah,POLRI bahkan ULAMA'/KYAI-KYAI!!! ; dasar otak bebek pura-pura buta dan tuli dengan isi otak junj";1;0;0;0;0;
Bahas Islam merusak nilai USER penguatan karakter melalui revitalisasi pendidikan nilai;1;0;0;0;0;
RT USER: USER Burma dan Budha memang teroris sebenarnya;1;0;0;0;0;
USER Khan yg ngajarin si garong kafir';1;0;0;0;0;
"USER Sungguh""rezim KOPLAK..indonesia sedang sekarat..umat muslim sdg di pilah""oleh Allah SWT..antara golongan muslimin dan munafiqun.";1;0;0;0;0;
Mengapa menggunakan bahasa Arab? Bukankah Tuhan YME menurut Pancasila berbahasa Indonesia?;1;0;0;0;0;
USER Pak USER membuang Islam bisa jadi menyakitkan, tapi harus dilakukan demi kebaikan semua manusia;1;0;0;0;0;
USER USER ridwal kamil memang hebat dan top nggak kaya ahok tukang penista agama dan koruptor;1;0;0;0;0;
USER Pak USER Muslim selalu mengatakan kebenaran datang dari Allah SWT, yg mana? Muhammad bejad nabi?;1;0;0;0;0;
USER Pak USER menghapus Teroris Islam secara efektif harus dijelaskan Alquran adalah Kitab Teroris;1;0;0;0;0;
Beriman kepada Allah SWT yang dungu & biadab? Anda mendungukan & membiadabkan bangsa;1;0;0;0;0;
USER USER Jahahaha cebong kapir alay goblok munafik, jijik banget dah iyuuhhh';1;0;0;0;0;
Lu yg goblok, lu nnton gak acara ny semalam? Gak ad beliau mengatakan islam fiksi, mana ad bukti video ny? Lu islam atau kafir ? kalau islam kebangetan lu fitnah sesama muslim kalau kafir gue gak heran;1;0;0;0;0;
USER USER Siapa yang bilang jadi kapir emang susah?? Hahaha tuh kan sel2 otak lo blom nyambung juga ya. Susah emang jadi kapir, cebong pula. Orang ngomong kemana dia ngomong kemana, ngatain agama islam aja pake rujukan internasional. Hahaha ma;1;0;0;0;0;
Soal Munir juga ada kaitannya dengan mengapa Rezim Jokowi sangat anti Islam. Setelah saya twitkan semoga menjadi jelas sejelasnya.;1;0;0;0;0;
"Jika tidak ada demo berjilid-jilid atas pernyataan USER soal kitab suci adalah fiksi, maka hampir bisa dipastikan tujuan utama gerakan ""Bela Islam"" berjilid-jilid versi 212 dst adalah motif politik untuk menjatuhkan Ahok. Ahok telah menjadi korban.";1;0;0;0;0;
USER USER USER USER Ketahuan kan akhirnya...ngaku sendiri maksa org dipenjara.. Bajingan berkedok agama;1;0;0;0;0;
Setuju,,,klo tdk mau kita usir seluruh budha yg di indonesia...;1;0;0;0;0;
Anda menghina Islam, Muhammad tidak tahu budi terhadap sukunya sendiri, mengajar solat minta pahala dari Allah SWT;1;0;0;0;0;
USER Pak USER secepatnya Islam dinyatakan sesat dan menyesatkan, tidak perlu lagi ada bank syariah;1;0;0;0;0;
Kaum 1/2 kapir dengan #OtakJunkFood nya masih berkelit mencatut islam dg kegiatan2 yang merusak aqidah islam';1;0;0;0;0;
USER USER USER USER USER USER USER Alaaaahhhhh, omongan cebong mah udah ketauan kemana arahnya... Mau pakek tol kelok 1000 pun tetep... Ga usah sok2 Islam lu bong!!!';1;0;0;0;0;
Anda mendungukan & membiadabkan bangsa mengajak menyembah-nyembah Allah SWT dungu dan biadab;1;0;0;0;0;
Ayat ini juga dikaji: penggallah kepala dan pancunglah tiap2 ujung jari mereka (8:12);1;0;0;0;0;
Seandainya Jend. Suharto tidak ada di tahun 1965 nasib bangsa indonesia bisa menjadi negara komunis ateis USER USER USER;1;0;0;0;0;
"Nabi Adam itu Fiksi; Nabi Ibrahim itu Fiksi; Nabi Musa itu Fiksi; Nabi Nuh itu Fiksi; Nabi Isa itu Fiksi; ; Dan para ulama jadi kelihatan dungu utk memperingati Nuzul Quran tiap tahun, jk mengikuti logika USER";1;0;0;0;0;
Apalagi teriak Allah hu Barbar, rusak telinga Bung Fahri, kapan diskusi Buang Islam di DPR?;1;0;0;0;0;
USER USER Kafir nyamar. Pemakan babi. Mulut sama dengan junjungannya yang PK di tolak.';1;0;0;0;0;
Berbagai cara dilakukan rezim jokowi (baca: rezim SBY jilid 3) untuk meraih dukungan Republiken. Isu Islam Radikal, terorisme Islam, ancaman ISIS, Islam Nusantara, LGBT dll digoreng untuk meyakinkan Republiken AS bahwa presiden RI mendatang tetap di tang;1;0;0;0;0;
Berdalih 4 pilar, MPR dungukan & biadabkan bangsa, dakwah Islam menyeru nyembah2 Allah SWT benci kafir, mecah bangsa;1;0;0;0;0;
Apa usir saja budha myanmar disini supaya tidak buat kacau seperti di myanmar?;1;0;0;0;0;
USER Inikan rezim anti Islam yah jd kita kudu ngertilah;1;0;0;0;0;
Semoga era rejim islam Iran segera runtuh;1;0;0;0;0;
budha membantai muslim rohingya;1;0;0;0;0;
USER pendusta itu pemimpin agama kristen gitu ya teh?;1;0;0;0;0;
USER Pak USER proses buang Islam tak boleh main paksa, tapi harus dilakukan dengan kesadaran sendiri;1;0;0;0;0;
Belum dijelaskan, haji adalah penipuan? Ibrahim tak mungkin dikubur di Kabah, Anda biarkan rakyat ditipu Pak Lukman?;1;0;0;0;0;
USER Jika ada tokoh agama, Lalu berpolitik praktis untuk jabatan2 publik?, Dengan menggunakan identitas keagamaan?. ?. Itu di lingkungan agama Budha, Ibaratkan ada yang mengaku biksu, Tetapi makan daging iya, Minum miras pun iya, Bahkan berkeluarga;1;0;0;0;0;
Semoga Allah segera menghancurleburkan kafir Budha teroris yang telah menzalimi kaum Muslim Rohingya.;1;0;0;0;0;
paling agendanya jg sama,tema boleh beda,tujuan ttp sama turunkan USER ,mau nya diperalat politik dgn kemasan agama;1;0;0;0;0;
USER Karna si nganu jg sampe skg agamanya msh diragukan tp kalo menurutku sih dia Kapir jg';1;0;0;0;0;
RT USER: DONATUR 212 JADI KORBAN? \n(iya sih dia jadi korban) \nTETAPI korban dari KEBIADABANNYA menipu 86.720 orang yang mau umroh.\nC\xe2\x80\xa6';1;0;0;0;0;
Ajarkan Muslim, agama tak ngajarkan membunuh, agar paham Islam bukan agama, ajaran sesat nyembah2 Allah SWT biadab;1;0;0;0;0;
jokowi tidak hormat terhadap muslim yg terzalimi;1;0;0;0;0;
USER USER Di tunggu aksi bela KAFIR hari tanu .;1;0;0;0;0;
USER USER Dulu yg sumbu pendek itu mendukung penista agama Islam dgn al'maidah 51 itu. Kok skrg mencak-mencak dgn kedunguannya.;1;0;0;0;0;
USER USER USER USER Woy, bos, lo mau bilang apa sih, bahwa krn ada org hina agama lo, trus si brengsek itu tidak bersalah dan boleh dibenarkan tindakannya? Begitu rupanya ajaran kalian, ga heran lo junjung HRS\xf0\x9f\x98\x82';1;0;0;0;0;
USER Sudah nyata rezim anti islam.... Dibilang juga hoax...;1;0;0;0;0;
USER USER USER USER Otak Bani Cebong emang 0 (kosong).\n\nSeorang Napi PENISTA AGAMA yg diselingkuhi istri 7 tahun lamanya &amp;1;0;0;0;0;
JakartaBanjir Pemimpinnya gak punya akhlak yg baik... PENISTA AGAMA. URL;1;0;0;0;0;
RT USER USER Baik baik jokowi dia anti Islam;1;0;0;0;0;
"USER USER Saya masih ingat dulu ada kelompok pelangi ; Kristen radikal, kaum sekuler dan komunis yg mencibir Habibie. \n\nJangan2 kelompok pelangi itu yang di kumpulin oleh siUSER.'";1;0;0;0;0;
Allah SWT yang di-sembah2 Muslim adalah syetan, halalkan rampasan, ngajarkan tunduk patuh dan ngobarkan cocok2 penis;1;0;0;0;0;
USER USER USER USER USER USER USER USER Kya bersih suci sendiri aja kamu TOLOL....trs,kmu yg teriak\xc2\xb2 muslim....udh berbuat apa utk sdra muslim mu????klo mkn aja msh NGEMIS,g usah kopar kapirin org....benci boleh GO;1;0;0;0;0;
Muslim Rohingya kehilangan kaki akibat ranjau darat yg ditanam Teroris Budha!;1;0;0;0;0;
apa anaknya si napi cina kafir ini yg perlu di usir;1;0;0;0;0;
USER USER Udah gak bisa nangkep kalimat dari awal, sok pinter sekolam. Pake ngata2in islam, Kasihan banget temen cebong lo yang islam, udah mah mati2an belain cebong kapir. Gak taunya agama islam di hina2 sama cebong kapir nih satu hahaha nas;1;0;0;0;0;
hahaha idiot bilang kpd orang2 kafir terurama para nasrani pendukung2 ahok kafir jangan memasuki wilayah2 syariat islam;1;0;0;0;0;
Anda hrs hapus sendiri setelah tahu Islam ajaran sesat yg mendungukan & membiadabkan umatnya;1;0;0;0;0;
USER USER Ustad dulu mondok di mana sih? Kok kerjaanya ngetweet, bikin status nyinyir terus. Tweeter punya kafir lo Stad.';1;0;0;0;0;
USER USER biasa mereka itulah para antek antek zionis dan komunis;1;0;0;0;0;
Penyesatan ini harus diluruskan, Allah SWT tidak ngajar bangun keluarga, tapi cocok2 penis;1;0;0;0;0;
SUASANA STQ TINGKAT KABUPATEN NGADA . NTT . CUKUP DALAM MASDJID TANPA MIMBAR TANPA DANA . SWASEMBADA DARI UMAT ISLAM UNTUK BAWA NAMA PEMDA DALAM MTQ KE TINGKAT PROPINSI . NTT. MENYEDIHKAN .;1;0;0;0;0;
USER Udah jelas kita bukan mereka, dan nggak akan pernah jadi seperti mereka.\nTapi dalam hal ini kita hanya mengcounter tindakan brutal dari anjing2 FPI itu.\nAku sangat yakin jika ada perlawanan dari masyarakat, mereka akan kuncup seperti bu;1;0;0;0;0;
USER USER USER USER Top nya lg bs yg biasa bela penista agama skrg belagak bela agama;1;0;0;0;0;
USER USER Lah terserah gua dong, gua kan mau ngatain cebong. . Haha Lucu banget cebong kapir satu ni , awalnya sok iye ujuk2 ngasih data pengen kelihatan pinter di mata cebong2 yang lain haha, gak sadar dia keceplosan keterusan ngatain agama i;1;0;0;0;0;
RT USER USER mohon dibantu saudara-saudara Ahmadiyah Depok masjidnya disegel Pemda.Dulu pemilihan presiden coblos Jokowi-Jk.;1;0;0;0;0;
BURUNG DARA TERBANG KE HULU ;1;0;0;0;0;
USER USER Islam nusantara ngga ada bedanya sama cebong nusantara';1;0;0;0;0;
ini semua berawal dari AHOK JAMBAN yg dibela aparat, para kristen serta china kafir yang lain semakin berani menghi URL;1;0;0;0;0;
Apakah Anda jujur, menabikan Muhammad yg catut nama Tuhan legalkan kejahatannya, Pak Lukman?;1;0;0;0;0;
Ayo buang Alquran kitab SAMPAH USER USER USER USER USER USER;1;0;0;0;0;
Anda perlu menyadarkan wanita Indonesia, Muhammad bajad setelah Khadijah meninggal, menjadikan perempuan budak seks;1;0;0;0;0;
Slama owo masih hidup & masih nafsu pengen jadi presiden,akan terus muncul isu PKI,Komunis,anti Islam, atau antek cina.muter2 disitu aje;1;0;0;0;0;
Allah SWT tidak bisa diajak gaul Pak Lukman, sukanya dengar orang ngaji terutama ayat penggal kafir dan cocok2 penis;1;0;0;0;0;
anies akan merangkul dua2nya untuk persatuan tidak spt ente dangkal & cekak intelektual hanya jadi budak ahok kafir.;1;0;0;0;0;
"Mungkin ""KITAB SUCI"" nya Bung USER Atau yg Lain.; Soalnya Bung USER Nggak Singgung Kitab Atau Ayat Suciku.; Lagian Dalam Hal Definisi Meng Aktifkan Imajinasi.; Jadi I Don't Care.., ; Dan yg Pasti KITAB SUCI ku BERBEDA dgn yg Lain.; Bagiku A";1;0;0;0;0;
Apakah cocok-cocok penis dengan empat istri akan diijinkan Pak Lukman?;1;0;0;0;0;
Allah SWT yg Anda sembah 5x sehari tak akan memelukmu Pak Lukman, paling dekat dia membiarkanmu bersimpuh di kakinya;1;0;0;0;0;
"USER Kalau dpkir walaupun kita tdk stuju ""islam nusantara""tp scr gak langsung nama ""islam"" kena kena juga imbasnya \xf0\x9f\x98\xa3\xf0\x9f\x98\xa3\xf0\x9f\x98\xa3\nBrengsek tuh Antek Zionis yg nyelip diormas !!'";1;0;0;0;0;
USER Pak USER membawahi Dirjen agama2, Anda dapat mbuat perbandingan posisi Tuhan dalam ajaran agama;1;0;0;0;0;
Gak apa apa disebut Cebong. Tapi jangan sebut orang lain dengan sebutan kafir, karena kafir tak boleh jadi pemimpin, kafir tak boleh dijadikan teman, kafir harus dimusuhi, dll, dll....\n\nBegitu, tad.';1;0;0;0;0;
"Hi.. Hi.. Hi.. ; Kitab Suci Berisi Ayat Fiksi alias Hayalan belaka. ; ; Berarti Kitab Suci Berisikan HOAX .; Penyebar Agama = Penyebar Hoax ; ; Pantesan, semakin orang mengimani kitab suci Otak Makin dipantat dekat dengan Kentut ; ?????; #atheis; #Gem";1;0;0;0;0;
USER USER USER Salahnya Dia, mukanya jelek, mulutnya bay, otaknya Kotor. Apalagi didikan parte munafik ngaku dakwah kelakuan bejad.';1;0;0;0;0;
Hari ini kami tidak mengkritik USER tapi mengkritik mereka yg terbiasa reaktif atas nama agama namun memilih diam atas pernyataannya. ;1;0;0;0;0;
USER Front Perusak Islam gak bakal demo anies ,sebab sama sama rusaknya, apalagi ketua cabulnya kabur gak tanggung jawab , pengecut munafik hadapi proses hukum';1;0;0;0;0;
Beda dgn Muhammad Arab Buta Huruf Mengaku Nabi, dipercaya sempurna padahal nebarkan kebiadaban: bunuh & cocok2 Penis;1;0;0;0;0;
Beraninya bilang setia NKRI padahal berjilbab, budaya Arab buatan Muhammad & Solat bhs Arab berkiblat ke Arab;1;0;0;0;0;
USER Rezim ini emang keliatan anti islam;1;0;0;0;0;
USER USER USER USER USER USER USER Sekte kampret . Kecoa jamban. 212. Genk daster . Gak ingin jokowi 2 periode. Pikiran mereka kapan gw bisa nilep duit negara ? Ngadalin umat dll\xf0\x9f\x98\x82.';1;0;0;0;0;
Apakah horor Teroris Islam di Brussels gambaran terbalik keinginan Allah SWT, Pak Lukman?;1;0;0;0;0;
Berhenti pamer dungu & biadab Islam, mau jadi Wiraswasta jangan lagi nyembah2 Allah SWT yang janjikan harta rampasan;1;0;0;0;0;
Ahok hrs dibebaskan, dia korban,sasaran antara lengserkan Jokowi.tujuan ahir neg syariah momenum fatwa MUI,diikuti Demo 411/212/313 radikal;1;0;0;0;0;
Apakah ini beradab? Jika setuju, tidak beradab, buang Islam karena hanya dgn buang Islam, kebiadaban dapat dikurangi;1;0;0;0;0;
USER Shia kafir. \xf0\x9f\x98\x82';1;0;0;0;0;
RT USER: USER Saya pikir naik onta kesana bro, eh ternyata masih pakai juga buatan kafir. Makanya jangan ngebacot semba\xe2\x80\xa6';1;0;0;0;0;
Inilah Tujuan Mereka Mengkriminalisasi Ulama !!;1;0;0;0;0;
Perilaku Si BABI USER ini memang benci dgn hal berbau Islam. Cocok dgn Ahok. USER;1;0;0;0;0;
Banyaknya projo yang tendensius pd hal berbau islam ditambah hukum berat sebelah USER gak sadar bahwa merek rezim jd anti islam.;1;0;0;0;0;
USER Pak USER mungkin Anda tak perlu umumkan Muhammad nabi gadungan, biarkan rakyat dapat info benar;1;0;0;0;0;
Allah SWT dungu & biadab BERJARAK, vilanya di Mekah, tinggal di Ar'sy, tak pernah masuk ke hati, mengecewakan? Buang;1;0;0;0;0;
Setuju. Musuh kita adlh teroris Budha Myanmar baik para biksu &amp;1;0;0;0;0;
Ahok si penghina Al - Qur'an dan Ulama ini selalu bersikap menjijikkan yaitu sok suci dan merasa paling benar https:\/\/t.co\/bTkCeTNk0g;1;0;0;0;0;
Dari setan bernama Allah SWT;1;0;0;0;0;
USER Kl komunis sdh tdk laku dimana2. Isu ini cuma jualan antek orba saja dan para pendukung penerapan negara islam/khilafah;1;0;0;0;0;
Tipikal bani 212 bin onta kampret : cepat memuji org yg dihormati, cepat juga mencaci nya kembali.... salam TGB ... ngoahaha #BubarkanPKS';1;0;0;0;0;
Babi haram babu halal hanya ulah Muhammad BEJAD mencatut nama Tuhan;1;0;0;0;0;
1 oktober hari kesaktian pancasila, tapi pancasila sekarang diversikan ke arah komunis rezim diktator yg anti islam,;1;0;0;0;0;
RT USER USER USER PKI hanya muncul jika jelang pemilihan kepala daerah dan pemilihan presiden krn digoreng sampai gosong.;0;1;0;0;0;
"USER USER USER ""Provokasi mayat, politisasi agama"" penyebab kekalahan pilkada DKI, beginilah cara cebong mendeskripsikan kekalahan junjungannya.; FYI ahog blm pernah ikut pemilihan apapun (kec jd wakil) dan dia bukanlah etnis mayorita";0;1;0;0;0;
tapi masih menikmati kebijakan yang dulu diusulkan PKI.. lha yo opo...;0;1;0;0;0;
Kalo seumpama orang cina di usir paksa dari indonesia gimana;0;1;0;0;0;
RT USER: china babi... china maling...\n#UsirChina https:\/\/t.co\/9y4HIWHJp2;0;1;0;0;0;
Si tolol udah tau pemerintah rezim komunis ini bobrok koruptor bisa pimpinan sidang DPR paya cebong URL;0;1;0;0;0;
Cina perusak bangsa!! Usir !! Stuju??;0;1;0;0;0;
Oleh rezim skrg atas kendali Negara Cina Komunis yg mjd patron tunggal rezim anti islam ( Jokowi );0;1;0;0;0;
USER Tau dong, bau baunya udh keciri ini sipit buluq';0;1;0;0;0;
Para Pendukung Capres gagal Move On salalu sibuk Urus Aseng bawa kabur uang Rp 35 T. Tapi ngak sadar kenapa Aseng bisa kabur bawa uang sebanyak itu tanpa didukung Pribumi ASU. Mustahil Aseng bisa. Pribumi hanya diam kalau disogok. Mental kacung emang. URL;0;1;0;0;0;
ARTINYA APA ? Pribumi sadari & lihat siapa mereka ? KECUALI KALIAN sama-sama CINA KOMUNIS / MISIONARIS abaikan tweet ini usir cina Indonesia;0;1;0;0;0;
RT USER Tpi ingat ya. Jangan sampe Cina mengenalkan wisata Haram jga ke indonesia hahaha;0;1;0;0;0;
Kok bs pake buruh Cina? Kan rakyat sendiri bnyak pngangguran.Dasar rejim kodok!;0;1;0;0;0;
Penjajahan di atas bumi indonesia harus di hapus kan. Penjajahan ekonomi, budaya, hasil bumi oleh cina harus kita basmi. Demi NKRI. Usir...;0;1;0;0;0;
Umat kadrun emang suka membuat perpecahan di umat manusia atas nama agama...jadi selama masih ada kadrun..dunia tdk mgkn bisa damai..;0;1;0;0;0;
Indonesia Blom Merdeka Indonesia Masih Dijajah Oleh Orang Cina !!! TakbirAllauakbar URL;0;1;0;0;0;
Guna mengakali ketentuan SERTIFIKAT HARAM JADAH DIBUATLAH TATOO HALAL AGAR BISA DINIKMATI KADRUN PE'A;0;1;0;0;0;
USER Hoax... Kodok… Biawak.... meroket… sekop…Bangsat… Karbitan…Munafik.. #2019GantiPresiden #2019PresidenBaru;0;1;0;0;0;
"USER Ingat baik-baik kata si royson, ""jokowi kacung gua..!""\n\nItulah mungkin alasan fundamentalnya kenapa rezim ini justru seperti sengaja masuk ke dalam ""Debt Trap"" KOMUNIS CINA!\n\nSo, menjadi wajib untuk #2019GantiPresiden!'";0;1;0;0;0;
MEWASPADAI CINA KOMUNIS YANG ADA DI INDONESIA!;0;1;0;0;0;
cina, apa hak lu melarang?;0;1;0;0;0;
USER USER USER USER USER USER USER USER USER USER USER USER USER Komunis kok berabtad PKI? Kecoak makan kecoak dong?';0;1;0;0;0;
Hajar ndan.. ganyang PKI URL;0;1;0;0;0;
USER Mungkin masih banyak masyarakat tionghoa yg lebih pancasialis dr pada wong jowo cm nggak terekpos aja, contoh nyata pak kwik ekonom dan ustadz felix siauw \xf0\x9f\x98\x85';0;1;0;0;0;
Cina lg.. cina lg.. sebaiknya di usir aj ya? merusak sih kerjaannya;0;1;0;0;0;
USER Ayoh bangsa indonesia bersihkan etnis cina ahok;0;1;0;0;0;
USER USER Cina kafir ini mah...Bangsat lu!! Dasar Komunis !!';0;1;0;0;0;
RT USER USER Para jendral propaganda mereka perang propaganda dgn jualan utamanya pki dan cinaisasi..;0;1;0;0;0;
Setelah kasus PKI di LBH rame-rame antek komunis membuat opini dan steitmen mengaburkan kebangkitan PKI;0;1;0;0;0;
Bersiap usir sepasang= ASING-CINA,, USER USER USER USER USER USER USER SelamatkenHutan;0;1;0;0;0;
Muncul sudah antek antek PKI dah berani muncul terang-terangan mudah-mudah pemerintah tidak tinggal diam. URL;0;1;0;0;0;
USER USER USER USER USER USER USER Cebong itu badut nya China \xf0\x9f\xa4\xaa\xf0\x9f\xa4\xaa\xf0\x9f\x98\x81\xf0\x9f\x98\x81\xf0\x9f\x98\x81 cuma dikipasin sama uang recehan galaknya bukan main\xf0\x;0;1;0;0;0;
Kok cuma cina non muslim yg dibantai? Tuh si USER jg cina, usir jg dong.;0;1;0;0;0;
RT USER Semoga dimasa depan etnis cina di Indonesia tetap tdk menduduki pemerintahan.. bisa jadi kayak Singapur :);0;1;0;0;0;
USER USER Indonesia sedang di jajah cina...;0;1;0;0;0;
Anjing bener padahal di situ ada banyak polisi lho kok gak ada yang berani sama si Ivan cina babi itu.;0;1;0;0;0;
RT USER Juga jago bakar isu PKI Komunis;0;1;0;0;0;
USER Betul..anak anak PKI mulai muncul mengikuti jejak bapaknya.;0;1;0;0;0;
USER USER ganyang pki. mari kita dukung prabowo untuk 2019;0;1;0;0;0;
USER USER Etnis cina memang ada yg ikut berjuang tapi lebih sangat banyak yg jadi penghianat jd antek belanda..;0;1;0;0;0;
jongos cina merasa kemerdekaan indonesia cina yang kasih.;0;1;0;0;0;
USER USER TKA Cina memang dimanja....';0;1;0;0;0;
RT USER: USER jangan sampai Indonesia diambil alih sama cina... Apa perlu kita semua BoikotProdukChina ???;0;1;0;0;0;
USER USER USER USER USER USER USER USER USER USER USER USER USER Daripada kau Bodat KOMUNIS TOLOL';0;1;0;0;0;
Seandainya Jend. Suharto tidak ada di tahun 1965 nasib bangsa indonesia bisa menjadi negara komunis ateis USER USER USER;0;1;0;0;0;
"RT USER: hati-hati kalian orang-orang dan kader GUSDUR yg pribumi antek CINA yg dipasang di rezim ini Lagi sedang ""ngepret"" saat ini.";0;1;0;0;0;
Luar Biasa hingga kebijakan Indonesia tdk boleh bertentangan dgn kepentingan Cina;0;1;0;0;0;
Apa usir saja budha myanmar disini supaya tidak buat kacau seperti di myanmar?;0;1;0;0;0;
Makin masif saja para cina dan antek komunis URL;0;1;0;0;0;
Isu pki terus di hembuskan grup grup pendukung prabowo;0;1;0;0;0;
USER USER Ya..ttp aj waspada..!!Antek komunis itu pintr kamuflase..;0;1;0;0;0;
USER USER USER Bodat KOMUNIS piaraan CINA LOLENG kau';0;1;0;0;0;
RT USER Antek PKI dan simpatisannya juga proxy cina komunis pasti sangat membenci TNI dan Panglimanya. Wajar seekali merek;0;1;0;0;0;
bising betul cina cina ni \xf0\x9f\x99\x84';0;1;0;0;0;
Dulu para pahlawan berjuang susah payah, korban jiwa raga utk usir penjajah. Eh..skrg koq kita biarkan negeri ini dijajah cina dgn mudahnya ?!;0;1;0;0;0;
RT USER USER Dan hebat nya GK ada yg teriak antek cina;0;1;0;0;0;
USER USER Mulai kepanasan PKI;0;1;0;0;0;
USER Palestina antek aseng jg tohh....';0;1;0;0;0;
Sumbu pendek: jokowi koalisi dengan negara PKI, Jokowi PKI, lengserkan jokowi.... pusying hamba;0;1;0;0;0;
USER Kelakuan batak kafir itu ya seperti si USER. Suka memecah belah umat.;0;1;0;0;0;
GANYANG PKI BESERTA ANTEK-ANTEKNYA !;0;1;0;0;0;
10 orang terkaya indo. 1 sampai 5 bukan orang indonesia . tapi orang cina . ngerih kalo indonesia kaya singapur nanti yang pribumi di usir;0;1;0;0;0;
"dulu guru ngaji sering bilang ""Kalian jangan main sepak bola karena sepak bola itu olah raganya pki"" sdh dikatain antek komunis sejak kecil";0;1;0;0;0;
Saatnya usir penjajah Cina dr Bumi Indonesia!! USER USER USER USER USER USER USER USER;0;1;0;0;0;
apa anaknya si napi cina kafir ini yg perlu di usir;0;1;0;0;0;
USER hah, dasar cina. makanya perhitungan.';0;1;0;0;0;
kita hanya butuh presiden Baru Yang Tegas Ganyang PKI dan anti PKI!;0;1;0;0;0;
USER USER Itulah akibat makan gaji dr duit korupsi BLBI yg dilakukan oleh toke2 Cina, otak Cebong benar2 dungu. \nMasalah TKA Cina bukan lagi fiksi tp sdh fakta, tp kalian anggap isu tsb fiktif, hancur negara ini kalian jual';0;1;0;0;0;
Banyak modus yg di gunakan sindikat Cina untuk menipu uang rakyat Indonesia.. usir cina dari Indonesia;0;1;0;0;0;
WADUH AKSI DUKUNG/PILIH PRESIDEN KOK SUARANYA SENADA *PRIBUMI/RAKYAT INDONESIA PERLU DIBERI TAHU: ITU SEMUA KARENA ADA BUZZER'2 BAYARAN CINA;0;1;0;0;0;
USER USER biasa mereka itulah para antek antek zionis dan komunis;0;1;0;0;0;
USER Usir cina dari nkri USER USER USER USER USER;0;1;0;0;0;
"Orang Cina mah bebas selama si mukidi ada; ; KEAHLIAN CEBONG HANYA 1, TUKANG TIPU !!!; cebong mah gitu, goblok nggak ketulungan. Plonga plongo mengakibatkan optimisme berlebihan; ; #2019GantiPresiden #PlongaPlongo #DunningKrugerEffect";0;1;0;0;0;
Antek komunis nya jelas sekali... Yang teriak huuuu ke Bp. Taufik Ismail -hafizhahullah URL;0;1;0;0;0;
USER Bawang putih orang kafir... China paham komunis... Awas bawang putihnya tar bikin negara di Indonesia';0;1;0;0;0;
Korban dari rezim komunis bknlah angka kecil. Jumlahnya tak tanggung-tanggung  100 juta darah manusia tercecer dari paham yg menghalalkan sgl cara.;0;1;0;0;0;
Tionghoa katanya kaya? Kok pada putus sekolah? Kebanyakan dugem?;0;1;0;0;0;
USER Negara ini sudah terjual......\nInilah hebatnya paek lek jokowi itu, negara udh d keteng, dan sdh ada dua kuasa pemerintah d negara ini, CPNS thn ini d khusskn untk sinamata sipit, sdh memperkosa negara sendiri, pngkhianat dsar PKI.';0;1;0;0;0;
USER Penghianat nkri adalah komplotan yg membuat keputusan merugikan negara !! Tenggelamkan komplotan moncong babi antek pki';0;1;0;0;0;
Ganyang PKI sekuat tenaga;0;1;0;0;0;
Slama owo masih hidup & masih nafsu pengen jadi presiden,akan terus muncul isu PKI,Komunis,anti Islam, atau antek cina.muter2 disitu aje;0;1;0;0;0;
USER USER USER USER USER Mana ada janji yg d tepati pak dhe!! Hanya satu yg janji yg d tepati yaitu 10jt lapangan kerja tapi bukan untuk Rakyat tp untuk Tka cina. #Miris';0;1;0;0;0;
orang indonesia itu dongo nya keliatan banget dijalanan. ga mau kasih jalan buat pemadam kebakaran. udah gitu masih pada manfaatin ambil jalur dibelakang pemadam. asli goblok semua. \xf0\x9f\x98\x91';0;1;0;0;0;
Mereka berbicara era habibie hingga SBY mereka hidup tenang karena mereka percaya tdk akan adanya isu rasial. Era ini mereka khawatir sejak TKA RRC masuk secara masif. Maka akan ada isu rasial yg mereka percaya \xf0\x9f\x98\xa2';0;1;0;0;0;
RT USER *uhuk* PKS antek komunis *uhuk*;0;1;0;0;0;
Indonesia rasa Beijing. usir cina;0;1;0;0;0;
mmg kalo gak pernah turun langsung ke lapangan.., maka tdk pernah tahu masalah yg sesungguhnya... panteslah kalo jadi jongos Cina... huft;0;1;0;0;0;
RT USER: USER USER PDI P dan mega mau bangkitkan komunis lagi itu;0;1;0;0;0;
USER USER USER USER USER USER USER USER Nanti bisa2 kamvret bilang, pak Jokowi antek china karena kasih banyak medali emas utk china ! \n\xf0\x9f\x98\x82';0;1;0;0;0;
teriak-teriak pki ganyang... Lo sholat kagak... Ngaji kagak... Lu punya tuhan ga? Jgn2 lu sendiri yg pki... URL;0;1;0;0;0;
komunis kau BaNGSaT...! USER keluar kalian segera.. kapan pun di mana pun URL;0;1;0;0;0;
Setuju. Musuh kita adlh teroris Budha Myanmar baik para biksu &amp militer nya. Tp Borobudur adlh warisan leluhur kita URL;0;1;0;0;0;
USER USER USER USER USER USER USER Akun komunis;0;1;0;0;0;
RT USER PKI sudah menyatu dg PDI P bubarkan PDI P !!;0;1;0;0;0;
MS Ka'ban : Tanah Jakarta sekarang sudah 87 persen dikuasai Cina;0;1;0;0;0;
USER Tenang aja dan jangan panik serta khawatir.\n\nPak jok sudah nyiapin ribuan lapangan kerja kok\n\nRibuan untuk TKA RRC\n\nJadi selamat ber antri ria ya\n\nKikikikiki';0;1;0;0;0;
USER klo jaman dki yg dimainkan isu cina ,kapir. sekarang yg cina kapir justru dari keluarga si ono. silit eh sulit lah';0;1;0;0;0;
"TKA China sdh berani melecehkan bendera Merah Putih...; ; Apakah kita akan diam saja..!!; ; Semakin TKA China banyak yg datang, semakin mrk AROGAN krn merasa kuat..; ; Apalagi didukung oleh Rezim Penguasa, dg kemudahan TKA China masuk ke NKRI.; ; Mau dijaj";0;1;0;0;0;
RT USER USER BADMINTON PUTRI INDONESIA KOK KALAH SAMA JEPANG N CINA ...MEREKA BERMAIN LEPAS TIDAK GAMPANG MENYERAH KOMUNIS SEENAKNYA DI SINI;0;1;0;0;0;
USER USER itu kerjaan cornelis, tionghoa yg stress gila';0;1;0;0;0;
1 oktober hari kesaktian pancasila, tapi pancasila sekarang diversikan ke arah komunis rezim diktator yg anti islam,;0;1;0;0;0;
#MataNajwaDebatJakarta lucu banget jawaban ahok.. gak nyambung. Ditanya apa di jawab apa. Kena skak mat d pertanyaan isu agama tdi. Dasar cina tolol hahaha;0;1;0;0;0;
"Mereka semua memang tidak bisa menghargai pribumi atau minimal berlaku sopan sebagai tamu,mereka itu sejatinya perampas hak pribumi...; #stopTKAChina; #2019GantiPresiden";0;1;0;0;0;
Ayo gelorakan #2019GantiPresiden, insya Allah kesejahteraan merata. Komunis lenyap.;0;1;0;0;0;
kita bukan takut kita cuma mau ganyang pki bahaya kalo embrio iblisnya berkembang biak;0;1;0;0;0;
RT USER hahaha antek komunis kelojotan menjelang 30/sept... Kecebong adalah anak PKI!!!!;0;1;0;0;0;
Usir aja nih cina satu. Ki gila pamungkas dibui gara-gara anti cina. Lha ini cina udh numpang di negeri ini, malah... URL;0;1;0;0;0;
USER USER pki,itu kan gaya pkiklau ada jambret pasti di pukul sampai mati,di kota padang aja jambret mati di pukul\n.\nUSER pki ini tolol menfitnah nya kok jambret tak di pukul sampai mati, menimal sampai rumah sakit, \n.\nklau menjadi;0;1;0;0;0;
GANYANG PKI! Perkumpulan Kripik Indo... URL;0;1;0;0;0;
OmMakarOm yanga Makar jelas Megawati... membiarkan cina-cina korup BLBI berada di PDIP ! Lengserkan Jokowi;0;1;0;0;0;
Bukannya di Negeri ini juga begitu om? Pekerja mah jongos cina doank, kerja dari subuh sampe malam, digaji pas-pasan, yg kaya cina.;0;1;0;0;0;
Ganyang PKI..ganyang PKI... Ganyang PKI !!!! URL;0;1;0;0;0;
RT USER USER Pasti ada hubungannya sama partai komunis dari Cina ini rezim antek antek aseng!;0;1;0;0;0;
USER USER Bodat KOMUNIS TOLOL';0;1;0;0;0;
USER USER USER USER USER Siti goblok. Hidup di indon meminta sedekah. Lagi mau buat bising di Malaysia yang makmur dan kaya raya.';0;1;0;0;0;
Bahkan jk bnr mrk imigran pun,mrk sdh tinggal sblm brdiri Myanmar1948.Apa imigrn cina boleh kita usir dr indonesia?Bnyak yg siap kl aturan mainnya begitu;0;1;0;0;0;
Antek Komunis ini sebut Film G30S-PKI isinya bohong URL;0;1;0;0;0;
USER Sumpah gw ngak bohong ya, gw kan kerja di pabrik feronikel milik rusia tp yg kerja kebanyakan org cina , gw jijik tuh ama joroknya mereka BAB ngak disiram, makan babi,ular,kadal. Dan paling bikin gw jengkel bau badannya masya allah ngak taha;0;1;0;0;0;
RT USER Cina tidak termasuk salah satu RAS di Indonesia. Beda dg SingaPur;0;1;0;0;0;
USER USER Namanya PRRI susah. Gampang PKI;0;1;0;0;0;
USER Cara apaapun yg dilakukan PSI tak akan laku di Indonesia....\nRakyat tahu PSI itu agen komunis....!!!';0;1;0;0;0;
Ganyang PKI Anjing. URL;0;1;0;0;0;
Sejarah PKI. Antek komunis lg sok tersiksa URL;0;1;0;0;0;
RT USER: Hanya pemerintah dan negara komunis tdk mengakui Pancasila tidak bertuhan yang tidak peduli amanat penderitaan rakyat.;0;1;0;0;0;
USER Perilaku cina dari dulu memang sprt itu....jadi pengkhianat bangsa. Makanya di Jogja, warga Cina jadi kelas terpinggirkan dan tdk diperbolehkan punya SHM. Dasar cina keparat.';0;1;0;0;0;
USER Yg milih cebong, liberal tengik, sekularisme,, dan segelintir antek,';0;1;0;0;0;
Kami punya TAKBIR yang akan ganyang kalian PKI!!!;0;1;0;0;0;
kalo mau Indonesia ini kembali damai, usir cina dari Indonesia.;0;1;0;0;0;
Garuda sengaja di bangkrutkan biar bisa dikuasai Asing/Aseng (cina laknat). lengserkan USER . Garuda Bangkrut;0;1;0;0;0;
tangkap pelakunya, jika polisi tidak bisa maka lengserkan jokowi R3JIM PKI;0;1;0;0;0;
Cina usir aja semua dr Indonesia.kita lihat siapa yg miskin duluan;0;1;0;0;0;
Di buku Jokowi Undercover itu juga jelaskan knp SBY dukung Jokowi di pemilihan presiden 2014..krn ada rahasia kotor/korupsi yg dipegang Cukong cina;0;1;0;0;0;
Kekalahan Suharto-Prabowo melawan opini pada 1998 lebih dikarenakah keterlibatan Konspirasi Global di mana AS - China dan seluruh sekutu mereka mendukung rencana CSIS, elit Katolik Radikal dan Konglomerat Tionghoa utk menjatuhkan Suharto';0;1;0;0;0;
msh ingat Siloam cina kita usir ! andai ku mati , anak-anak ku sudah paham Filosofi hidup! Harga diri diatas segalanya , bukan di kaki Penjajah;0;1;0;0;0;
USER Ngeri bangsaku si PKI biadab itu ingin bangkit ... tolak dan bubarkan !!!;0;1;0;0;0;
USER Masalah dia i penulis ucapan kad raya cina tu??? ellooo???';0;1;0;0;0;
Hanya antek dan kaki tangan komunis yg tak punya hati perut URL;0;1;0;0;0;
Pengkhianatan PKI membunuh para Jendral PKI keblinger kata BungKarno.Bubarkan PKI Turunkan harga2 dan bubarkan kabinet Tritura.;0;1;0;0;0;
Cina telah menguasai ekonomi dan media massa. Ayo usir dari Indonesia;0;1;0;0;0;
Usir Cina dari Indonesia;0;1;0;0;0;
RT USER Rapopo jaga-jaga siapa tahu muncul pki perjuangan alias pki plus;0;1;0;0;0;
USER Kupas tuntas gebuk habis antek antek komunis.;0;1;0;0;0;
Coba usir cina, 100% rakyat Nkri tidak ada yg gembel, nkri kaya, aseng asing trilyunan kayanya krn menguras nkri, jadi stop tolol.;0;1;0;0;0;
USER USER Hahaha...Tulang org batak dimana-mana ada.. cuma Tulang manusia org batak kali...dan jg Lihut Binsar Panjaitan bukan org batak.. tp org Tionghoa sesat(batak murtad).';0;1;0;0;0;
Tragedi 98 ternyata juga salahbsatu upaya komunis oleh prabowo;0;1;0;0;0;
USER Makin ngawur aja nih rezim..... Nanti jadi indochina dah nih negara';0;1;0;0;0;
RT USER USER PDIP dan mega mau bangkitkan komunis lagi itu;0;1;0;0;0;
yg beda paham harus di kuliti/Tangkap, itu si cina;0;1;0;0;0;
USER USER ANJING KOMUNIS TOLOL kau';0;1;0;0;0;
Jadi Orang Minang Tidak Salah pilih, walaupun Kalah tapi tidak Ikut memenangkan Rezim penyengsara rakyat dan berpihak pada Komunis.;0;1;0;0;0;
dih! Ngaku lebih pinter dr orang politik, NGACA DULU WOYY tampang loe aja k\xc3\xa6k orang BEGO!!! USER ckakakakak';0;0;1;0;0;
Grombolan Kadal Jidat gosong,mmg bgtu, sukanya ribut tapi klo grombolanya yg salah pura2 Budek..Dasar Grombolan Cingkrang URL;0;0;1;0;0;
RT USER: USER USER Lo rabun apa budek?\nGue nulis gak ngomong!!\n\xf0\x9f\x98\x81\xf0\x9f\x98\x80';0;0;1;0;0;
"Nantang buka Dadalah, eh nyebut Setanlah emang sudah pada habis Kamus ngelawan ""Kenegarawanan Pak Joko Widodo Presiden RI ke 7, pada makin Stresssssss nie hati2 kena Stoke atau Serangan Jantung nanti Rakyat Indonesia kehilangan Badut2 Politik"" MERDEKA.";0;0;1;0;0;
USER USER USER USER USER Yaaelah chat aja loe urusin,, noh yg dah keliatan mesum anggotaDPR pd mingkem,, yg nyata selingkuh 7th kalian pura2 budek,,, #bong200 gk nyampe otaknya...';0;0;1;0;0;
USER USER USER USER cebong koplak muke lo kyk pantat kodok';0;0;1;0;0;
Perjaka kq di jual... \nSok sok an mau booking.. Tante idiot njir..';0;0;1;0;0;
USER USER Matamu picek, cukk..\nOra delok prestasli pak jokowi..\n\nGuoblokkk..!!\nTolol....!!';0;0;1;0;0;
USER USER mata loee picek ya, yg janji jokowi kok yg d tagih sby.. matamu picek blok \xf0\x9f\x98\x85\xf0\x9f\x98\x85';0;0;1;0;0;
USER as clara\n- anak pinter\n- dongo\n- paling koplak\n- cantik tapi idot :(\n- gatau malu \n- urat malu putus\n- butt dia muka nya imut bgt';0;0;1;0;0;
USER USER USER USER Itu dia mata picek... Matanya cuma lihat sebelah...';0;0;1;0;0;
USER Lo tuh yg bencong, bacot lo lebih2 dari cewe. Kaya banci yg ngamen gak dikasih duit bacotnya \xf0\x9f\x98\x92\xf0\x9f\x98\x92\xf0\x9f\x98\x92\nMending lo cakep mah, jelek Kaya gitu.\nMadesu lagi \xf0\x9f\x98\x84\xf0\x9f\x98\x84\nMentioned Gw langsung di quote tweet \xf0;0;0;1;0;0;
RT USER: USER Klo busuk mawati beragama islam .. Maka dia Takut dg dirinya sendiri\nGejala gila nich nenek ..';0;0;1;0;0;
USER berarti lo cacat';0;0;1;0;0;
USER WOI BOLOT';0;0;1;0;0;
Jgn ada yg percaya dgn akun ini\n\n\xe2\x9e\xa1 USER \n\xe2\x9e\xa1 WA 081381413774\n\nAwal nya dia ga percaya sy buat\nCAMSEX, trus sy buktikan Vc beberapa detik, pas suruh Tf alesan nya neko2\n\n\xe2\xac\x87Ni muka nya kaya monyet \xe2\xac\x87 URL;0;0;1;0;0;
"USER mau bukti ke RADIKAL an HTI dan FPI?!; apa kurang bukti di setiap orasi-orasinya HTI dan FPI selalu memfitnah dan caci maki terhadap pemerintah,POLRI bahkan ULAMA'/KYAI-KYAI!!! ; dasar otak bebek pura-pura buta dan tuli dengan isi otak junj";0;0;1;0;0;
USER Yah jawabannya goblok mas\n\nJaka Sembung kan bawa sepeda mau sekolah, masa bawa golok,gila nih orang tua nya';0;0;1;0;0;
USER Heran juga saya, setan iblis pada kabur dan takut kalo mendengar Azhan, tapi ini mahluk Allah yg satu ini anteng saja denger azhan bahkan pura2 budek kupingnya, kalah dong setan iblis.';0;0;1;0;0;
USER USER yo jual seh koh, matamu ii picek ta ga isa liak tas njlentrek sak taek ndayak ndek tokoku.\ntas kulit lumpia sek kosong, ga pengen tas kulit kadal koh? cocok sama ilatmu.';0;0;1;0;0;
emang udah pada sarap, gapunya rasa peduli sama sekali bgstttttttt';0;0;1;0;0;
USER fiks dia sinting';0;0;1;0;0;
USER Tabayyun sebelum ngomyang..cocot busuk lol dipelihara, memaikan isu SARA kok bangga';0;0;1;0;0;
"USER USER Tak baca brita nya..sy kira ni aki"" mngkin dah punya gangguan jiwa.seandai nya nnti 2019 amin kalah.bisa"" nanti malaikat di bilang kafir dan pro aseng.kasian malaikat,gk ngerti urusan capres tp di bawa"" ma aki"" gila.'";0;0;1;0;0;
USER Cebong udah girang, pdhl di kibulin, najis lo bong mata lo pd picek..';0;0;1;0;0;
USER Mereka sinting ...dan mulai merusak';0;0;1;0;0;
USER USER buta ya om';0;0;1;0;0;
"RT USER: USER USER USER kalo KH Ma'ruf ngomong pada belaga budek , pada belaga pilon, masih nyundul \xf0\x9f\x91\x89#gantipreside\xe2\x80\xa6""";0;0;1;0;0;
USER USER Ganti Presiden Endasmu atos....jangan ngumbar cocot he...goblog....';0;0;1;0;0;
RT USER presiden buta tuli makanya memimpin dg tubruk-tabrak dan budek denger rakyat teriak lengserkan jokowi;0;0;1;0;0;
USER USER USER USER USER USER Jgn besar-besar kan si idiot itu, nanti dia jumawa, toh dia menang kemaren itu kita sama-sama tahu #2019GantiPresiden';0;0;1;0;0;
USER Yg makar omonganmu zon suka adu domba dan bawa nama islam ,agama pegangan hidup seseorang jgn sok suci kamu zon lambemu ndoweh banyak bacot';0;0;1;0;0;
USER USER Aku bukan minat pun mail. Tapi looking at whole..Ya dia memang dulunya cheater. Tapi dia da mengaku silap dia and minta maaf. Yg sampah sarap adalah kau . Sshhh';0;0;1;0;0;
perempuan kaya lo mending mati aja deh, jelek aja, gausa sok jadi make up artist!;0;0;1;0;0;
ngakakkk bgt yg gak kepick ya derita\n\nIce mochi gua\n\nlo gak pantes taken\n\nlo cacad di;0;0;1;0;0;
USER \xf0\x9f\x98\x82\xf0\x9f\x98\x82\xf0\x9f\x98\x82 bencong idiot it kl yg ga berani pk akun asli buat sebar hoax dan fitnah, nah skrng cb liat aja akun lu cong \xf0\x9f\x98\x82\xf0\x9f\x98\x82';0;0;1;0;0;
Wasit picek ini !';0;0;1;0;0;
USER Wong edan :(';0;0;1;0;0;
Kurang berusaha kaya gimna coba gw.... Ada yg ky gw ngorbanin wktu buat pergi lebih pagi pulang lebih malem....sinting loe \xf0\x9f\x98\xa0\xf0\x9f\x98\xa0\xf0\x9f\x98\xa0\xf0\x9f\x98\xa0';0;0;1;0;0;
Ngaca luh bolot URL;0;0;1;0;0;
Lihat noh tampang lu, tampang banci, LGBT! URL;0;0;1;0;0;
USER USER Muka lu cabul, kalo punya muka sih, tapi banci mah beraninya anonim...';0;0;1;0;0;
USER Ade ustad yg otaknye nangkring di dengkul sampai susah jalan kalau gak dibantu amplop, tetep dibiarin NgOCEh ngalor kidul.\nAde ustad miara jenggot bandot, doyannya jd provokator, nyantai2 aja die, gak diapa-apain.\nAde ustad perutnye bun;0;0;1;0;0;
USER ogah yg ngajak plh jkw pasti idiot';0;0;1;0;0;
USER USER Kalo cacat otak jangan dipelihara';0;0;1;0;0;
"USER USER USER MATAMU PICEK A? Duit gak ada maksa beli, hutang belum release baru mau disiapkan 11 bank sudah koar2. Entar waktu bayar dana gak ada jawabnya "" BUKAN URUSAN SAYA "". DUNGU PLUS KOPLAK diambil semua'";0;0;1;0;0;
Urus endog saja ga pecus gmn dgn urusan yg lain ,\n\nDasar cungkring dah pea ,minta 2 x';0;0;1;0;0;
alumni sekte togel banyak kena gangguan jiwa :)) #KARMA;0;0;1;0;0;
Cocot bosok.';0;0;1;0;0;
USER USER USER Salahnya Dia, mukanya jelek, mulutnya bay, otaknya Kotor. Apalagi didikan parte munafik ngaku dakwah kelakuan bejad.';0;0;1;0;0;
USER USER rep help rt lelang acc ??? mata lo picek? mentang2 username kita sama2 y depannya terus lo bilang kalo gue ngikutin usn lo? pengen amat lo diikutin segalanya';0;0;1;0;0;
USER kaya tai congor jebleh lebar kaya anjing';0;0;1;0;0;
USER mata lo picek';0;0;1;0;0;
Kalo badan ue bisa ngomong:\n\xe2\x80\x9cHoi lu ngga denger tulang gue bunyi semua? Mata gue lelah liatin layar mele! Tangan capek ngetik mele? Heh budek apa lu?!\xe2\x80\x9d\n\n\xe2\x80\x9cGue denger bego!! Maafin ue\xe2\x80\x9d \xf0\x9f\x98\xad\xf0\x9f;0;0;1;0;0;
USER Saya tiba2 langsung stroke, wekekkeke ini mah cuma orang picek aja yg gak tau';0;0;1;0;0;
udah dikasih pilihan ganti rezim, eh milih gembrot gemoy inkompeten + bocah pekok tolol cacat ipk 2.3 ya mampus rasain OKEEEE GAAASSS OKEEEE GAAAAASSS SEMOGA YG MILIH PADA MATI KELAPERAN;0;0;1;0;0;
USER USER USER USER USER Si rosa ini kok mukanya tugu peringatan kenapa nggak batu nissan.. yg gentle dong, nggak apa2 juga kaum cebong';0;0;1;0;0;
RT USER: Sebab tu tahun demi tahun semakin kurang peluang pekerjaan untuk rakyat sendiri. Warga asing ni semua dah bolot sektor se\xe2\x80\xa6';0;0;1;0;0;
muke lu katrok, tampang & kelakuan sinkron;0;0;1;0;0;
dia enggak hebat. pengikutnya aja yang dungu bin idiot. URL;0;0;1;0;0;
si kunyuk makin gak jelas lama lama twitnya menggenapka generalisasi kaumnya , bacot tanpa mutu seperti yg sudah terlihat 2th terakhir disini.... sarap';0;0;1;0;0;
USER USER neng ...itu bpk yg terhormat ga pke mulut klo ngomong.mohon maaf dia pke SILIT';0;0;1;0;0;
USER USER MULUT KAMPANG';0;0;1;0;0;
USER Presiden yg mempermalukan bangsanya sendiri, plonga plongo tolah toleh macam boneka idiot;0;0;1;0;0;
USER cacat lu';0;0;1;0;0;
USER USER USER USER Puisi untukmu:\nElu bajingan\nWajahmu setan\nMulutmu iblis\nMengaku manusia\nPadahal binatang mesum\n\n-- seni nyet --';0;0;1;0;0;
wOe CeBoNg LoE yA, dAsAr kOMuNis, aThEiS, siLiPis, AuTiS, sALiBiS';0;0;1;0;0;
USER mata gue picek sama dia yg pake koma koma';0;0;1;0;0;
USER USER USER USER USER USER Matamu lah picek...buktikn bukan hoax dan buktikn kalau km kgk mlorot otak.';0;0;1;0;0;
USER Kenapa pemain cacat dimasukin.?\xf0\x9f\x98\xb2\xf0\x9f\x98\xb2\xf0\x9f\x98\xb2.\nTeco tolol';0;0;1;0;0;
USER USER Bukannya malu kok malah ketawa. Dasar idiot';0;0;1;0;0;
USER udah jelek, budek lagii :( .nga';0;0;1;0;0;
USER tulisan lu gua g bisa dipahami ama gua. soalnya otak gua bukan otak otak autis gak kek yg bikin thread gblknya ampe selkulit matii. lnjt boleh?';0;0;1;0;0;
USER Situ juga sarap berarti anjer';0;0;1;0;0;
USER Cacat sia USER';0;0;1;0;0;
USER Guwe anjing penasaran iya iya lah bisa ngomong, maju lu sini garuda kuping budek';0;0;1;0;0;
USER Yang ada di otaknya tentang kesetaraan gender cuma telanjang. Dasar mesum cacad.';0;0;1;0;0;
USER Anjing tai goblok idiot bangsat monyet babi fucc, kont, ngents, goblok. \n\nIya tau kasar bgt maaf';0;0;1;0;0;
USER USER pea kesayangan kecintaan bolot sok pinter pdhl lbh lemot dr gua';0;0;1;0;0;
USER USER USER USER USER USER USER USER USER USER USER Congornya persis congor onta.\xf0\x9f\x90\xab\xf0\x9f\x98\x82\xf0\x9f\x98\x82\xf0\x9f\x98\x82';0;0;1;0;0;
Ini mah budek si gendut USER';0;0;1;0;0;
USER USER Hei kampret goblok,idiot bin pekok...,kau baca ini.\nPekok dipiara peet kampret...\nmasih msu tanya lagi sehak kapan Turki dan Israel pny hubungan Diplomatik? URL;0;0;1;0;0;
USER Kau memang cacat';0;0;1;0;0;
USER USER Amit amit.. Udah doer burik kriput diposting.. Anjing juga ogah ngliatnya jijik';0;0;1;0;0;
Asuog wasite picek jingan';0;0;1;0;0;
USER USER ASTAGA BOLOT BANGET DIA';0;0;1;0;0;
Nk marah2 tk payah buat grab la woi, g duduk diam2 dalam rumah \nStupid idiot punya org, sbb bodoh dia tahap tk blh bwk bincang dh';0;0;1;0;0;
USER USER USER USER USER USER USER USER USER USER USER USER Indah tai sapi matalu picek \xf0\x9f\x98\x84\xf0\x9f\x98\x84\xf0\x9f\x98\x84';0;0;1;0;0;
Hijrah katanya, tapi hijrahnya kearah yg lebih parah lagi, karna ada sarananya DUIT, jadilah dia ahlikul MABOK dan penikmat selangkangan PECUN, sudah dasarnya isi otak cuma SEMPAK susah di robah,';0;0;1;0;0;
gemblol (gembrot tolol);0;0;1;0;0;
Saya ke pick wgl sekali doang, mungkin mata dia picek pas pick saya.';0;0;1;0;0;
Kamu bilang Gue Bangsat?..\nMatamu Ambleg kuwi..\nOtaknya dipake..\nBaca pelan lalu ditafsirkan Maksud Gue Apa..\nNdasmu Amoh Kuwi mbangsat\xc2\xb2 ne wong liyo \nKaton Goblok mu..\nDurung Pinter Medsosan Ngablak ndisiti.. URL;0;0;1;0;0;
RT USER: #ombudsman budek dan buta terhadap #Reklamasi ... sebenarnya kalian kerja untuk siapa ? Rakyat kecil atau Jongos Aseng da\xe2\x80\xa6';0;0;1;0;0;
Apa bedanya kamu sama orang yg suka menjelek jelekan karna tidak sesuai dengan yang kamu mau, tpi kamu nya sendiri suka jelek jelekin orang ? Mein idiot';0;0;1;0;0;
USER Idiot kira2 donk.. islammu yg mana,.. kalian itu ga lebih dr gerombolam penjual ayat dan agama islam,.. dongok di rawat, jd kalian takkan pernah bisa bedakan Benar dan Salah , Rocky Gerung mengatakan islam fiksi aja loe pd ga ngerti artiny;0;0;1;0;0;
USER Klu bpk punya bukti pak jokowi bagi2 sembako pakai apbn laporkan k poiisi, tp klu gk da bukti cocot mu ojok mangap koyok bajul';0;0;1;0;0;
USER Emng anjg itu org sarap . Pusing gua liatny';0;0;1;0;0;
"USER USER USER Baru jd calon legislatif aja udah budek &amp; ngawur, kebayang ntar kl dah jd \xf0\x9f\xa4\x94\xf0\x9f\x98\x84'";0;0;1;0;0;
USER USER USER Matamu picek, itu kinerja lanjutan dari USER alias Ahok.';0;0;1;0;0;
USER Muka lo aja burik bangsat. Gimana mau dapat ewean USER';0;0;1;0;0;
USER Dungu idiot permanen';0;0;1;0;0;
USER USER Seblum tanya agama om USER , saya boleh tanya, dah berapa lama Anda idiot? Dah berapa lama nyebur ke kolam? Kok butek banget sih?;0;0;1;0;0;
USER Luhut si muka bajingan skrng perusahaany bnyk duit dr mn dia';0;0;1;0;0;
#ILCPrabowoMenyerang setelah minggu lalu ilc enggak mutu, kini sangat luar biasa karena dpt menghadirkan orang gila tampa kuping\xf0\x9f\x98\xb5';0;0;1;0;0;
USER Iya betul juga ya. Aku kok merasa BODOH membalas komen2mu yang tolol..... hehehe.. makanya balik ke bangku sekolah.. baca banyak data. Jangan karena rasa bencimu OTAK mu jadi gagal bekerja.';0;0;1;0;0;
USER USER USER USER Matamu memang picek,kebencianmu terhadap pak Jokowi menutupi hati dan pikiranmu,sejarah baru tercipta di era pak Jokowi,makanya buka kaca mata itu.\xf0\x9f\x98\x9c\nEnte cm melihat hutang negara di era pak J;0;0;1;0;0;
W'kesian kes ma oposisi.Makin ksni y malah jd bolot.! Soal itung mengitung sri mulyani mah emang suhu y,boleh dibilang klas dunia, URL;0;0;1;0;0;
USER lu bolot, lemot. masa gitu doang ga ngerti';0;0;1;0;0;
USER USER USER USER USER Neng andi, ngopi dulu gihh..\n\xf0\x9f\x98\x92Congor lu konslet \xf0\x9f\x98\x85';0;0;1;0;0;
USER USER Udh tua emg,makanya picek';0;0;1;0;0;
USER USER Jokowi diktator muka ndeso hehehe;0;0;1;0;0;
RT USER: USER lo yang sarap \xf0\x9f\x98\xa1';0;0;1;0;0;
USER USER USER USER USER sampean bener2 idiot... kok gak malu ya umbar kegoblokkan berulang2 terus';0;0;1;0;0;
USER sarap emang:(';0;0;1;0;0;
Wasit picek.';0;0;1;0;0;
USER woy sat, budek ya lo';0;0;1;0;0;
USER Tapi kau lemak tepu, takleh transfer dah sbb cacat kekal \xf0\x9f\x98\xad bye';0;0;1;0;0;
USER Pemikiran busuk itu membunuh biasa, sekarang ini banyak korban dibunuh ,tentara polisi masarakat juga di bunuh sparatis , picek kah matamu.';0;0;1;0;0;
USER Dia bodoh gila, pi baca tweet2 dia semua masalah sial';0;0;1;0;0;
beneran sinting itu orang huf';0;0;1;0;0;
USER Hauahahaha muke banci kecoa kafir z\xf0\x9f\x98\x82\xf0\x9f\xa4\xa3';0;0;1;0;0;
Dasar bolot URL;0;0;1;0;0;
USER HUAHAHAHA KAFIR PLONGA PLONGO NIH.. MUKE BANCI SALON \xf0\x9f\x98\x82\xf0\x9f\xa4\xa3\xf0\x9f\x98\x85\xf0\x9f\x98\x86 URL;0;0;1;0;0;
USER USER Tenggelamkan....itu bocah kepalanya korengan yg maha sombong selangit. Nangislaj kau keparat dlm wkt secepatnya';0;0;1;0;0;
USER Lu mah ga budek cuman congean';0;0;1;0;0;
USER jiahahahhh si bencong idiot galau apa ngeper neh ketauan sering nyebarin berita fitnah .......maklum sih gw sama bencong turunan gerwani spt elo itu cong,gak fitnah gak makan kan .sama spt kerjaan lo yg suka mangkal di emperan ....hihihihihihi';0;0;1;0;0;
USER SOMBONG!!! BANYAK BACOT!! AWAK RUPE MACAM MONYET, AWAK BECAKAP TU PAKAI AKAL SIKIT!! ADA MASANYA ORANG TERSINGGUNG ANJING';0;0;1;0;0;
USER lu JUGA SIPIT bri!';0;0;1;0;0;
HAHAHA matamu picek a?';0;0;1;0;0;
USER Ancaman bom dari mata sipit, juga lucu2an ya... ?\n\n#LUCULUCUAN';0;0;1;0;0;
USER Ngaca idiot. Idiot manggil idiot';0;0;1;0;0;
USER Amit amit itu mulut apa congor satwa yang namanya anjing sih';0;0;1;0;0;
USER USER Guobloge nemen lek mempertahankan jokowi. Utang akeh sing go bangun pirang persen? Podo gak melek data, picek!';0;0;1;0;0;
RT USER Kebijakan om jokowi yg diktator bukan wajah lugu nya om.;0;0;1;0;0;
USER USER wes lemu, ireng, kafir sisan\n\nasu';0;0;1;0;0;
Heh! Bisa ga tutup congor lo yg bau itu! Bacot mulu kerjaan lo!';0;0;1;0;0;
Ahok and Bani serbet and wereng Coklat MEMANCING UMAT MUSLIM supaya marah? dengan #IklanAhokJahat. KALIAN ITU KUMPULAN ORANG SINTING;0;0;1;0;0;
USER DEMI APASIH PICek NIH YG BLG LUCU';0;0;1;0;0;
USER USER USER USER USER USER Loe Bong ga denger jeritan Petani??ga denger jeritan Petani Garam?? Apa jgn loe BOLOT akut??...pemerataan apa yg loe maksud Bong?? Gw mohon dgn sangat,,segeralah Bersihin Kerak Otak Lumpur Loe yg sdh mengera;0;0;1;0;0;
USER Mentang2 berkuasa semua mau diambil, bahkan juga kewenangan judisial, \nsarap ...';0;0;1;0;0;
USER Anda hebat bs mengukur kadar keimanan seseorang. Tp kadarmu tak kau lihat.. Apakah anda tergolong orang yg dah picek mata hatinya';0;0;1;0;0;
mau marah tp kok kasian sm yg udh kerja keras tnpa bacot. tp kalo didiemin, yg kerja keras banyak bacot mlh tmbh bau mulutnya.';0;0;1;0;0;
lama lama seisi planet ini dimusuhi islam yang gak waras ini;1;0;0;0;0;
USER Ikr udah tau picek pun masih selpi. \xf0\x9f\x98\xad\xf0\x9f\x98\xad';0;0;1;0;0;
USER Semarang kaline butek,,\nSing disayang mripate picek';0;0;1;0;0;
RT USER: MANUSIA SINTING URL;0;0;1;0;0;
USER USER Kalo sekedar foto doang mah anak idiot kek lu gitu bisa \xf0\x9f\x98\x82\xf0\x9f\x98\x82';0;0;1;0;0;
USER mukamu kaya pantat monyet, beruk, celeng.';0;0;1;0;0;
USER gini nich platipus idiot klo dikasi udara';0;0;1;0;0;
USER USER Baru juga tuker cincin udah ditanya makanannya /sipitin mata/ belokin dikit itu mata ron, sipit bener';0;0;1;0;0;
USER USER USER USER BANCI KALENG MALU GA BISA JAWAB PERTANYAAN KAMI DARI 2 HARI LALU.... NYUNGSEP KOE USER URL;0;0;0;1;0;
USER Bu guru enakan jadi jablay atau guru esde sih.\nKayaknya menikmati jadi pecun ini guru.';0;0;0;1;0;
Jadi cowo itu harus Gantle kalo ga Gantle itu namanya BANCI !';0;0;0;1;0;
USER udah biasa kali. Gue kpoper tapi kalo ngomonv sama temen2 gue, idol gua banci homo';0;0;0;1;0;
RT USER: Bajingan Homo!!!\nHati2 terhadap anak2 kita terutama di kamar mandi laki2, jgn biarkan sendiri! URL;0;0;0;1;0;
Kamu transgender atau gmn anjing :( URL;0;0;0;1;0;
USER Anak pecun... ga jauh2 dr hobi zina.. haha';0;0;0;1;0;
USER USER loh bukan nya mentri suharto ada yg homo?';0;0;0;1;0;
USER Ngomong opo itu.mulut kok seperti banci...beli kaca dulu lihat dirimu,. Broo';0;0;0;1;0;
USER Tunggu komando IMAM BEJAT CABUL USER . TAIK BEER \xf0\x9f\x8d\xba\n\nApe2 bawa ULAMA...\nDASAR Banj SEMPAK';0;0;0;1;0;
RT USER USER Jangan kayak BANCI KALENG kamu GATOT sering buat Gaduh gentleman lah MUNDUR siap bersaing di pemilihan presidens 2019 melawan Jokowi;0;0;0;1;0;
Tinggalkan feminis-feminis sampah itu;0;0;0;1;0;
Kamu kok kaya jablay GTA maunya dijemput pake mobil';0;0;0;1;0;
USER Ih banci selotipan \xf0\x9f\x98\x82';0;0;0;1;0;
Ahok memang verbalnya keras. Pelampiasan dan pelarian karena kelelakiannya lunak.;0;0;0;1;0;
USER Kapan tuh si BEJAT CABUL USER balik ? Pengecut si Onta itu ye...';0;0;0;1;0;
BUKTI FEMINIS LEMAH DAN BODOH. TAKLEH ARGUE DIA BLOCK.;0;0;0;1;0;
USER Lansung tag partainya...\nGa berani ya, berarti kau BANCI....';0;0;0;1;0;
tentara boti buat muasin nafsu tentara lainnya yahahha cuma modal ngangkang;0;0;0;1;0;
Spek boti dijadiin tentara, biar apa? Biar memenuhi nafsu para botboti maskulin yang membunuh orangorang tidak bersalah. Yang kek gini sekali jotos aja udah meletoy gemetar kek ikan dibuang di darat:);0;0;0;1;0;
Ada akun yg mau ngajarin gw buat kasi empati ke kaum homo kurang empati apa gw pas jd relawan ngurusin eek homoers yg berceceran dan keropeng badan karena kena AIDS+penyakit kelamin lainnya. Sementara pasangannya kabur, keluarganya buang dy. Hahaha. Dunia emang lucu bgt.;0;0;0;1;0;
keknya emang israhel itu sengaja ngerekrut homo biar mereka tega menyakiti perempuan. karena sejatinya, cowo sejati itu nggak berani sama perempuan. mereka emang cerdas dan yg namanya perang bertahun2 pasti kan evaluasi terus;0;0;0;1;0;
disana sistem wamil nder mau cowo/cewe/boti/buci/gendut/kurus semua wajib ikut jadi yang modelan badut wawawa gini banyak cmiiw ya;0;0;0;1;0;
Mereka ini kan selalu nyerang lewat atas, dar der dor jd ga perlu kekuatan fisik makannya banci pun tak masalah. Gw ngeri klo ketemu hamas malah salting. Ya gpp sih bisr langsung di dor.;0;0;0;1;0;
pantes si, mereka beraninya nyerang anak dan wanita yg gak bersalah, wong mereka bencong murahan gitu, iewh;0;0;0;1;0;
Iya sumpah heran kok tentaranya banyak bgt yg model2 boti kemayu, ini seleksinya gimana emang? Kyknya tentra Israel kalo daftar TNI udh ditendang duluan sama senior2;0;0;0;1;0;
Emang banci, bunuhin anak-anak kecil, perempuan dan warga sipil gitu. Membabi buta lakuin pembantaian. Tentu saja banci ;0;0;0;1;0;
USER Banci kampungan HEEEE!!!';0;0;0;1;0;
Perjaka kq di jual... \nSok sok an mau booking.. Tante idiot njir..';0;0;0;1;0;
USER Lo tuh yg bencong, bacot lo lebih2 dari cewe. Kaya banci yg ngamen gak dikasih duit bacotnya \xf0\x9f\x98\x92\xf0\x9f\x98\x92\xf0\x9f\x98\x92\nMending lo cakep mah, jelek Kaya gitu.\nMadesu lagi \xf0\x9f\x98\x84\xf0\x9f\x98\x84\nMentioned Gw langsung di quote tweet \xf0;0;0;0;1;0;
USER USER Yang perek kan ibu lo.. gimana sih.. pasti sdh dool ya';0;0;0;1;0;
USER Eh dungu, ngapain lu masih mensen2 gue, katanya mau muter alun gue.\nLu itu cuma bisa forward berita tanpa analisa.\nKelompok MAHO mana ada yg cerdas wk wk wk';0;0;0;1;0;
USER USER KAMU LAH HOMO YG PALING SIAL BAJINGAN GOBLOK...KALAU TERLALU GIAN KAMU AMPUT ANJING DITEPI JALAN TU.....SEMOGA KAMU TERIMA BALASAN NYA NANTI...';0;0;0;1;0;
USER Alah kntl';0;0;0;1;0;
Nih ya gue jelasin. \n\nCowo. Burungnya gaada. Jadi cewe. Cewenya bernada2. \n\nSIAPA LAGI TRANSGENDER DI INDONESIA YG NYANYI? URL;0;0;0;1;0;
Pecun.kelas teri nih\xf0\x9f\x98\x80 URL;0;0;0;1;0;
USER Masih lebih terhormat pelacur dari pade lo iblis betina kerjanya hanya nyebarin HOAX, nista amat sih hidup lo';0;0;0;1;0;
USER USER jyjyk kau maho';0;0;0;1;0;
USER karena kamu kayak kntl';0;0;0;1;0;
USER USER USER USER USER USER USER Kno gw bilang bencong tu hti? Karna ikut makan duit pemerintahan yg sah skrg, tapi mau mengganti dasar Pancasila Negara dgn khilafah, apa gak bencong itu namanya?;0;0;0;1;0;
USER Cewek lo maho.';0;0;0;1;0;
Najis bgt erel bencong';0;0;0;1;0;
USER Jangan mau sama eto, homo dia';0;0;0;1;0;
USER Wisma darulaman. Kerja\xc2\xb2 banci. Lebih politik la\xf0\x9f\x98\x82';0;0;0;1;0;
USER Lu maho';0;0;0;1;0;
USER USER Hmmm saya mencium aroma aroma jablay\n\nPantes ae bangsat yoj pergi lu';0;0;0;1;0;
USER USER USER dimas maho doyan pentil mimi peri';0;0;0;1;0;
banci = pengecut nder wkwk;0;0;0;1;0;
USER \xf0\x9f\x98\x82\xf0\x9f\x98\x82\xf0\x9f\x98\x82 bencong idiot it kl yg ga berani pk akun asli buat sebar hoax dan fitnah, nah skrng cb liat aja akun lu cong \xf0\x9f\x98\x82\xf0\x9f\x98\x82';0;0;0;1;0;
USER USER USER USER Nih terakhir aku tanya lagi: Itu utang era Jokowi semua, bencong? Pasti mingkem lagi... si gembel warnet.... banci kaleng... \xf0\x9f\x98\x82\xf0\x9f\xa4\xa3\xf0\x9f\x98\x82\xf0\x9f\xa4\xa3';0;0;0;1;0;
USER USER Jomblo jablay kayak perek :)';0;0;0;1;0;
USER USER USER Hanya kaum bani cabul yg bisa di bohongi.\n\nBahkan utk makan pun dia berbohong katakan mau pulang agar ada donatur. \xf0\x9f\x98\x82\xf0\x9f\x98\x82\xf0\x9f\x98\x82\n\nRasakaah Azab Allah. \xf0\x9f\xa4\xa3\xf0\x9f;0;0;0;1;0;
USER USER zonkey hanyalah seekor banci planga plongo...';0;0;0;1;0;
Lihat noh tampang lu, tampang banci, LGBT! URL;0;0;0;1;0;
;0;0;0;1;0;
USER USER Muka lu cabul, kalo punya muka sih, tapi banci mah beraninya anonim...';0;0;0;1;0;
USER USER USER USER USER USER katanya indonesia lenyap 2030... punya pujaan TOLOL ya pengikutnya lebih TOLOL... dan bencong... anak nya pun ikut BENCONG..';0;0;0;1;0;
USER Dasar ckck maho';0;0;0;1;0;
USER Banci kaleng';0;0;0;1;0;
USER USER Ancem2an kaya banci aja jancok';0;0;0;1;0;
"USER What, nulis ""sportifitas"" saja salah? Harusnya kan ""sportivitas"" baru benar. Ahai... banci kaleng kena goreng lagi... memalukan si gembel warnet. \xf0\x9f\x98\x82\xf0\x9f\xa4\xa3\xf0\x9f\x98\x82\xf0\x9f\x98\x82'";0;0;0;1;0;
USER Bangsat banci manatuh\xf0\x9f\x98\x82';0;0;0;1;0;
USER balesnya lama banget ih si pecun :( gercep dong ah';0;0;0;1;0;
USER USER USER Wajah anak lo Kliatan Bgt ya!! Penuh dendam dan kebencian! Pasti anak anak lo makan dari hasil uang haram. Bapaknya kayak lo!! Banci dan rumpi!!! Lo ngatain gue makan tai?? Nah lo dan istri serta anak anak dan ortu lo makan bangke uang haram;0;0;0;1;0;
USER USER USER Lo bilang otak gue belatung bersarang?? Ahhh! Ehhh banci!! Bukannya itu isi otak dan hati lo.. isinya belatung bangke karena kebencian akut lo!! \xf0\x9f\xa4\xae\xf0\x9f\xa4\xae\xf0\x9f\xa4\xae\xf0\x9f\xa4\xae';0;0;0;1;0;
USER USER USER USER USER itu BENCONG hasil selingkuhan maknya p3r3k gerwani dgn kuda wowok... lahir lah si onta bencong akun abal2..... ngeooaahahahaaaaa \xf0\x9f\xa4\xa3\xf0\x9f\xa4\xa3\xf0\x9f\x92\xa6\xf;0;0;0;1;0;
"- lipstick di sapu tangan Bora.\n\nDan diriku dalam hati, ""Mampus malu luh. Makan tuh cipokan.""'";0;0;0;1;0;
USER Dih kntl.';0;0;0;1;0;
Cowo yg hobi selfie itu ga ada beda ny sama lekong &amp banci kaleng;0;0;0;1;0;
USER Terlihat salah satu pendukung mafia koruptor dan penista agama, para gerombolan BANCI TITOT lakukan bidikan ke arah;0;0;0;1;0;
Kenapa ya gue punya kakak laki mulutnya lemes banget kek banci yg lagi marah.\n\nMentolo tak guak cangkem e.';0;0;0;1;0;
Gampangan banget sih jadi orang, baru dipuji dikit aja udah kaya mau ngasih kehormatannya aja haha TOLOL';0;0;0;1;0;
Gpp lah drpd si tabib cabul.. Teriak2 gak karuan sambi ngocok tongkol minta gbr bugil pecun... Hoaalaaaah gak ngebayang ana.. Dasar binatang \xf0\x9f\x98\x84\xf0\x9f\x98\x84 URL;0;0;0;1;0;
dengan senang hati. Si cewek tadi dilepasin dan si mbaknya naik ke angkutan umum itu. Jadilah di mbaknya di gang bang sama para rapist kunyuk itu. Setelah selesai, si mbaknya balik ke mobilnya. Sebelum ngegas pergi, dia bilang ke para rapist itu.';0;0;0;1;0;
USER Banci!!!! Kalau memang gentlemen Sebut saja siapa orangnya!!!';0;0;0;1;0;
USER USER USER USER Puisi untukmu:\nElu bajingan\nWajahmu setan\nMulutmu iblis\nMengaku manusia\nPadahal binatang mesum\n\n-- seni nyet --';0;0;0;1;0;
USER USER USER Lekong;0;0;0;1;0;
USER USER USER USER USER USER USER USER USER USER USER USER USER USER USER USER Masalahnya si banci dengan akun palsu itu bilang utang pemerintah era USER;0;0;0;1;0;
USER Jablay gitu bazeng:((';0;0;0;1;0;
USER cowonya kasi ke gua aj bgst.\nlo bejat bener jd cewe astaga';0;0;0;1;0;
USER Nate bocah kontol goblok sontoloyo kepala getel sial asu brengset';0;0;0;1;0;
USER USER Anti kritik kontol mu bangsad. Org idiot aja tau itu hate speech';0;0;0;1;0;
RT USER: agel perek gausah rt rt:) USER';0;0;0;1;0;
Kenapa awalnya gue harus kenal lo kalo\nakhirnya kita sama2 kayak saling gak kenal? Dasar BANCI';0;0;0;1;0;
USER USER perek lu mah';0;0;0;1;0;
"Aku suka payudaramu.\n""DASAR KURANG AJAR KAU!"" Katanya, sambil menamparku.\nLalu, untuk apa dipamerkan, jika tak ingin dipuji? .....\n\nBrengsek!'";0;0;0;1;0;
USER Otw maho kamu mah.';0;0;0;1;0;
USER USER USER USER USER USER Dasar bloon, tw mana fiksi? sekarang mengunduh buku gampang dasar perek harga seratusan\xf0\x9f\x98\x82\xf0\x9f\x98\x81\xf0\x9f\x98\x82';0;0;0;1;0;
Ni cara bicara org msh ingusan,, bicara ny sdh sngt ngawur dan keterlaluan,, dan akhir ny gue di block,, banci lo URL;0;0;0;1;0;
USER bangke lu yen cabul';0;0;0;1;0;
USER USER USER Aduhhh bencong USER, nyerang apa cong ? Gak kebalik? Rumpi deh lonte lanang ini.. dapur apa cong? Yg jelas dong.. jd banci jangan separo2.. kalah sama anaknya duda yg jd designer di LN lo.. \xf0\x9f\x98\x82\xf0\x9f\xa4\xaa\xf0\x9f\x99\x8b\x;0;0;0;1;0;
Indons : Alhamdulillah ya Allah udah nyelamatin anak2 Thailand \n\nThai : ??? yg nyelamatin kita manusia2 kapir. Bukan Tuhan lu, kontol!';0;0;0;1;0;
USER Stupid question. Kalo mau ngentod gak usah puasa goblog.';0;0;0;1;0;
USER USER USER USER USER USER USER USER USER USER USER Biasa.. bani coli, ngga beda jauh sm junjungan dan kawan2nya.. haha';0;0;0;1;0;
Mood kerja berubah krn ni banci! \xf0\x9f\x98\x8e\xf0\x9f\x98\xa3\xf0\x9f\x98\xa3\xf0\x9f\x98\xa3';0;0;0;1;0;
USER USER USER USER Udah jadi rahasia umum bong.!!\nKoruptor.\nRampok.\nPelaku maksiat.\nPelaku bisnis maksiat.\nKaum LGBT.\nPenjilat.\nDukun sesat.\nDukun cabul.\nBla bla bla..\nTergabung dlm bani cebong.;0;0;0;1;0;
Iya kalo cantik, udah bencong jelek pula. Emang ada dominan yang bakal nafsu liat boti macem begini?;0;0;0;1;0;
USER Yang ada di otaknya tentang kesetaraan gender cuma telanjang. Dasar mesum cacad.';0;0;0;1;0;
USER udik bener kasian. mau ditidurin?';0;0;0;1;0;
Cowo brengsek semua ya';0;0;0;1;0;
USER ahmad dhani yang terhormat paling babi paling anjing aing kontol paling lonte tungu saat nya karier mu akan habis!!!!;0;0;0;1;0;
Nama: Rizieq Shihab Status: Tersangka Kasus: Konten Pornografi (diduga) Mendukung Anies-Sandi;0;0;0;1;0;
USER Eh banci. Teriak kofar kafir!! Lo aja masih suka coli muncrat kemana mana teriak itu mulu, berisik cong!! Dasar mulut banci yahhhh';0;0;0;1;0;
Yg paling mirisnya, mereka tuh cowo bertiga anj anj anj anj anj! COWO LOH! Sanggup ya mulutnya ngerumpi terus gbisa diam kaya congor bebek. Sampe film nya habis anjiiirr! Kesal ke ubun ubun dah ketahan dlm hati karena pasti ga enak jg ikutan emosi apalag;0;0;0;1;0;
Kok bisa yang begini lulus seleksi? najis banget boti. Bool lu sini gua tusuk pake lidi.;0;0;0;1;0;
banci tulen, dijual murah juga gak laku;0;0;0;1;0;
Block aja lah si bencong asu \xf0\x9f\x98\x82\nKalo cuma main upload screenshot mah gue juga bisa bencong tolol! :v\nLaki itu ketemu dan adu jotos,, bukannya malah nyinyir dan upload screenshotan! :v\nDasar bencong kontol! \xf0\x9f\x98\x82\xf0\x9f\x98\x82\xf0\x9f\x98\x82';0;0;0;1;0;
USER ah dasar jablay murah';0;0;0;1;0;
USER Hah cuman buat orang kek lu pecun.. Dang , aduh gk bgt orang kaya lu di bacotin dikit aja udah sesek napas';0;0;0;1;0;
USER Mulut Banci.ngurus diri sendiri aja.belum tentu benar. DasaDasar iblis benar berujud manusia. Muncul jelang pilkada.syaraf USER';0;0;0;1;0;
USER USER USER Babi sipit banci pake akun fake, lebih hina dari babi bahkan';0;0;0;1;0;
Hijrah katanya, tapi hijrahnya kearah yg lebih parah lagi, karna ada sarananya DUIT, jadilah dia ahlikul MABOK dan penikmat selangkangan PECUN, sudah dasarnya isi otak cuma SEMPAK susah di robah,';0;0;0;1;0;
USER BENCONG TREAK BENCONG';0;0;0;1;0;
USER USER USER USER Bangga jadi JONGOS emang lu sendiri Udeh ngapain aja BABU ? Njilat memek BOSOK Jablay Alexis?';0;0;0;1;0;
Puasa ora sok sokan gaweni story bukber kantor. Ngentod fuck pencitraan. Yosy Bin Darto';0;0;0;1;0;
USER Psi itu kan kumpulan perek2 dan perek laki2 sekjenya jd otaknya duit2 suruh mikir ga bisa sama bgt dgn KEBO';0;0;0;1;0;
RT USER: USER USER USER kebanyakan alasan...\nsi banci bloon itu cuma TAKUT MALU... URL;0;0;0;1;0;
Jelek bgt fyp gw isinya homo semua bjingan;0;0;0;1;0;
USER USER Dia mau nemenin ahok , biar bisa puasin ahok si USER Kan Maho \xf0\x9f\x98\x82\xf0\x9f\x98\x82\xf0\x9f\x98\x82\xf0\x9f\x98\x82';0;0;0;1;0;
Peling ga suka sma org mynafik.... blng sma aa mw berhnti di dunia halu.. tp nyatanya di blued live coli... dihh anjinxx bgts ya maho kek gth..klo ga mau aa kenal gpp ko.. ga rugi aa mah.ngpn knal sma org munafik kek lu..';0;0;0;1;0;
"""halah palingan kalo lu dikasih pap nenen sama memek juga doyan. gak usah munafik deh""\n\nheh upil dimana-mana kucing garong kalo dikasih ikan asin ya doyan-doyan aja.'";0;0;0;1;0;
(Adrp) USER dasar jablay';0;0;0;1;0;
Tyas Mirasih ? Pecun gitu, dulu bareng sama aku agency nya';0;0;0;1;0;
ngejelek-jelekin orang kok dibelakang? didepan dong.. Ga punya nyali yah? Situ banci? hahaha';0;0;0;1;0;
USER USER USER USER USER Amit amit jabang bayi dopinadoh minggato setan gombel setan banci sko TL';0;0;0;1;0;
USER USER USER kebanyakan alasan...\nsi banci bloon itu cuma TAKUT MALU... URL;0;0;0;1;0;
Apa cocok2 penis dgn 4 istri bukan prilaku seks NYIMPANG? USER MUI: LGBT dinilai sebagai perilaku seks menyimpang;0;0;0;1;0;
USER kaya banci kali ya';0;0;0;1;0;
USER USER Jablay emang lo ya';0;0;0;1;0;
Cocot lu dobol, triak2 dah kaya banci kaleng kunyuk!;0;0;0;1;0;
USER Kan elo juga maho ew';0;0;0;1;0;
Goblok lu kontol, se jago dan sehebat apasih bro bro BANCI, BOTI, TOLOL, TAI, BEGO, GOBLOKKKKKKKKK;0;0;0;1;0;
faker faker, yaudah sini bawa aslinya depan muka gue! orang ngetik doang mah bisa semua, jangan lemes mulut kaya banci congor lo bau comberan;0;0;0;1;0;
USER USER USER USER USER USER Udah TOLOL, bencong lagi.... bencoooooooonnnnnnggggg...... \xf0\x9f\xa4\xa3\xf0\x9f\xa4\xa3\xf0\x9f\xa4\xaa';0;0;0;1;0;
Malah bacot dengan bahasa kentut, ngatain orang yg normal dengan sebutan Homophobic dll, Kaum² LGBT GOBLOK!;0;0;0;1;0;
Diskrimasi terus sampe disuruh bikin pulau sendiri, anak lo pada LGBT semua baru tau rasa goblok.;0;0;0;1;0;
Gus miftah goblok LGBT goblok Polisi goblok;0;0;0;1;0;
RT USER: Teriakin Ombusmin dan Ombusman Banci Kaleng....\n#OmbusdmanBanciKaleng URL;0;0;0;1;0;
rp haneul sok pemes padahal cupu mau aja dientotin.yang on retweet';0;0;0;1;0;
USER Titit lah anies ni, jangan jadi wapres prabowo anjenk';0;0;0;1;0;
USER Gembel sok elit lo,ngewe di sari ayu halo mas ma kelas kambing itu mainan gue tahun 2001 main tuh di hotel jayakarta tematik clasic malio x2 sumo sama sampingnya atau yang udah di tutup alexis ah mainan cebong USER kelas kambing cc USER;0;0;0;1;0;
Bilang sayang duluan lu juga yang ninggalin gua duluan kntl';0;0;0;1;0;
USER Tangkap aja itu jendral banci kayak prabowo yg bodoh;0;0;0;1;0;
USER USER Banci Kaleng...\nKaleng kosong nyaring suaranya';0;0;0;1;0;
USER Hoi Gay Banci, situ Kafir ya??? Ngerti ga klo di Islam orang yang sudah Hijrah menggunakan hijab, wajib buat saudara seiman menutupi masalalunya yang negatif, Dasar Kaum Laknatullah Alaih';0;0;0;1;0;
kalo cewe x cowo kapelan manggil daddy-baby masih bisa diterima lah ya. ini cowo x cowo gausah pake daddy-baby an segala, jijik bangzat';0;0;0;1;0;
USER USER USER USER Nope. Banci lebih berani lawan norma2 sosayeti dan jadi diri sendiri. So, the lowest human being ya si manusia kacrut itu.';0;0;0;1;0;
luh yg pro gay dan lesby dan lgbt NGENTOD LUH SMUA tolol goblok idiot brain damage kontol memek ngentot babi monyet kampret tai bangsat bajingan asu heuncet bodat cuki naskleng chaunima lanciao cyka blyat puta podol pantek pendo telaso anjiang bujanginam kampang sundala asu;0;0;0;1;0;
USER USER Eh bencong gak usah fitnah fitnah luh ya';0;0;0;1;0;
USER USER USER USER USER USER USER USER Langsung ga main twitter si bani bokep itu dr kemaren. Hobi kritik presiden tp gaweannya cuma coli sambil ngebokep ya om. Miris \xf0\x9f\x98\x82\xf;0;0;0;1;0;
USER Ya bani taplak dkk \xf0\x9f\x98\x84\xf0\x9f\x98\x84\xf0\x9f\x98\x84';0;0;0;0;1;
Setidaknya gw punya jari tengah buat lu, sebelom gw ukur nyali sama bacot lu \xf0\x9f\x98\x8f';0;0;0;0;1;
Aktor huruhara 98 Prabowo S ingin lengserkan pemerintahan Jokowi.... Nyata;0;0;0;0;1;
Ini si USER kerjaannya delay mulu! Setan!';0;0;0;0;1;
USER USER Itu mah sdh nenek-nenek sy heran sama cebong biasay bohong terus';0;0;0;0;1;
Pegawai Guardian training lagi kek Mentang2 gue kek gembel cuman kaos sama Flat shoes nanya dijutekin bangsad emang males belinya juga kabur gua ke matahari';0;0;0;0;1;
Anjir baru kali ini lihat orang bego mau debat pilkada. Kerjanya nyerang karakter. Shame on you mpok silvy and agus. #DebatFinalPilkadaJKT;0;0;0;0;1;
KAU PENDIKAN TINGGI TAPI BODOH....GK ADA LARANG BAWA AGAMA..BIAR ORANG ISLAM YG DI BAYAR AHOK SADAR GK JADI MILIH AHOK GLA;0;0;0;0;1;
USER USER BTP the best ,,,abaikan kaum kampret otak micin ,,,';0;0;0;0;1;
USER USER , si otak tempurung mah ga usah d ladenin. Smkn d lawan semakin Bloon dan Dungu. Dan kalo ga gitu dia ga makan. Hehe';0;0;0;0;1;
pinokio umur 3 taonan tuh. #2019GantiPresiden;0;0;0;0;1;
USER Lol bani lowo';0;0;0;0;1;
Lengserkan Jokowi Bangsat!!;0;0;0;0;1;
USER Iya cocot';0;0;0;0;1;
USER x || Lo ngomong aja kaga bener bangke';0;0;0;0;1;
PROYEK KORUPSI REZIM SBY URL;0;0;0;0;1;
USER USER Terus menurut lo kitab suci agAma apa yg di bilang om USER ;0;0;0;0;1;
USER eh kasar kau kampang';0;0;0;0;1;
USER Ada cebong bang dia merasa paling benar';0;0;0;0;1;
Jgn salah target bkn ahok... agenda utama lengserkan Jokowi ..;0;0;0;0;1;
USER USER masa baru kena hestek aja udah kepanasan ??? Kepo banget ;0;0;0;0;1;
Prabowo Sudah Kalah Menyebut Bantuan Jokowi Hanya Pencitraan Adalah Ratapan Pilu;0;0;0;0;1;
USER USER Yg goblog itu adalah bani cebong tukang tipu penjilat penguasa yg ketahuan gerakin masa yg dibayar pakai nasi bungkus. Propaganda nasi bungkus memang selalu gagal.';0;0;0;0;1;
USER USER USER USER Wuih... cebong sewot...\n\xf0\x9f\x98\x82\xf0\x9f\x98\x82\xf0\x9f\x98\x82';0;0;0;0;1;
Padahal gubernur saat ini Djarot. Mayoritas partai politik di DPRD juga pendukung Ahok Djarot. Payah ya mereka USER URL;0;0;0;0;1;
Pendaftaran Capres untuk #Pilpres2019 saja belum dibuka sampai Agustus 2018...yang normatif begini politikus PDIP masih belum paham? #2019GantiPresiden !!;0;0;0;0;1;
#2019GantiPresiden scra konstitusional hak setiap rakyat woiii!! . Gini nih kalo planga plongo tapi kelakuan otoriter.;0;0;0;0;1;
Kejar setorang memang cukup bangsad, mana rupiah turun \xf0\x9f\x98\xa5';0;0;0;0;1;
USER USER USER USER USER USER USER USER Bangke.. hajar!!!!';0;0;0;0;1;
USER USER USER .\nOnta mati klo kebanyakan Minum';0;0;0;0;1;
URL Ahok tng mrka trus was-was hdpnya USER USER USER USER USER USER USER;0;0;0;0;1;
Itu juga boleh bila perlu lengserkan ni orang pada dasarnya pengecut jokowi;0;0;0;0;1;
USER Tak hanya kurang bertaji nya kpk era ini...tapi era ini juga komitmen dlm pemberantasan korupsi tdk spt di era Pak sby....;0;0;0;0;1;
RT USER: Admin tolol di partai tolol\nPartai Tolol untuk orang Tolol';0;0;0;0;1;
Jokowi aja yg mundur. USER tutup. URL;0;0;0;0;1;
USER Ada amin rasis.\nAda amat dani\nAda ratna si paiiit.\nAda si onta.\nAda si lobang anus.\nJdi jngan takut wo wo..\nKehabisan obat penenang yh.';0;0;0;0;1;
Kabinet berantakan \nPemecah belah persatuan hanya ad di rezim ini';0;0;0;0;1;
#PDIPerjuanganMenang Dengan menekan perusahaan tambang dgn target proyek yang impossible, lalu dilelang murah pada antek Cina. NTB contoh kasus. PDIP mau menang? Dasar bajingan';0;0;0;0;1;
USER USER ga caya sama mulut buaya mu bwang';0;0;0;0;1;
USER USER umuh &gt  persib\npersib kunyuk!!!!\n\xf0\x9f\x98\x82\xf0\x9f\x98\x82\xf0\x9f\x98\x82';0;0;0;0;1;
USER USER Buat film muslim pilih ahok mati nggak di sholatin...... dijamin laris ......;0;0;0;0;1;
Pemberitaan saracen diframing katak seakan tim prabowo dan anies-sandi. Seberulnya itu media menumpahkan sakit hati katak dan cebong. *Ehe;0;0;0;0;1;
USER USER USER USER Kan ane bukan cebong udeh dibilangin dari maren masih ngeyel\nSitu maksa ane jadi cebong?';0;0;0;0;1;
USER Kelemahan gerindra itu ada di orang ini,...Prabowo turun elektabilitasnya karena CONGOR fadlizon spt DURNO';0;0;0;0;1;
USER USER USER mau menasehati kali supaya ga ugal2an nih rezim.. eh tapi ini negeri sdh keburu ancor..nah skrg saja ekonomi morat marit,, kacaoooooo!!';0;0;0;0;1;
"USER tahun 2019 Rakyat makan ASPAL dan BETON; ini adalah solusi jitu mengurangi kemiskinan; ; KEAHLIAN CEBONG HANYA 1, TUKANG TIPU !!!; cebong mah gitu, goblok nggak ketulungan. Plonga plongo mengakibatkan optimisme berlebihan; ; #2019GantiPresiden #";0;0;0;0;1;
USER Kemarin di hujat sekarang mengharap dasar para bani kamprey';0;0;0;0;1;
Monyet aja koloe dbilang saudra sma elo pasti ogah, hdupmu kok gini amat ya.. Toe Hati apa comberan? USER';0;0;0;0;1;
"Becak Warga Binjai Hendak Disita karena Gunakan Tenda Bertuliskan #2019GantiPresiden, PKS MERADANG; ; Bukti pemerintah panik dan takut?; ;";0;0;0;0;1;
lebih baik jokowi mundur..;0;0;0;0;1;
USER Apaansi tai baru gt doang belagunya udah selangit. Ga inget ada karma? Ntar bbrp taun lagi kalo idol lu flop, gua ketawa paling keras.';0;0;0;0;1;
USER USER MAJU KAMU NGATAIN MAMA AKU BOLOT';0;0;0;0;1;
RT USER USER betul padahal saracen juga siapa sehingga akun yang kritis dianggap saracen kan aneh jokowi;0;0;0;0;1;
USER siapa bego lu bukan tmn gua najis dah kesel sendiri gue';0;0;0;0;1;
USER USER USER USER Onta yaman ni\n\nsetahun lagi gua deportasi loe';0;0;0;0;1;
USER anak cocot ya ini USER';0;0;0;0;1;
USER \xf0\x9f\x99\x88\xf0\x9f\x99\x88\xf0\x9f\x99\x88\xf0\x9f\x99\x88\xf0\x9f\x99\x88\xf0\x9f\x99\x88\xf0\x9f\x99\x88udah ketauan HOAX ya Fahri mangkanye klu ambil berite tuyg update jangan dari tong sampah diambil terus di SS taunya berit udah;0;0;0;0;1;
USER USER Pantas indonesia mundur dalam segala bentuk;0;0;0;0;1;
USER USER USER USER Hahahaha blunder lu cebong... Yg gak ngasih tuh pem. pusat dengan Alasan HAM... kalau rakyat aceh ya mau kali pun.. Cobak kau datangi pemerintah bilang suruh buat hukum islam kaffah di aceh... Klau DPR a;0;0;0;0;1;
USER USER USER USER Cebong kacung itu kt temen gw dungunya sampe ke tulang sum2..jd jgn buang2 energi debat sm mereka..\xf0\x9f\x98\x82';0;0;0;0;1;
USER PARTAI KORUPSI SAPI......goblog...';0;0;0;0;1;
Nikita Mirzani udah pake hijab, yg masih ngomong cebang cebong udah pernah fantasiin doi belom? Uh ah!! #cokoRers';0;0;0;0;1;
KELAKUAN bodoh USER masuk KATEGORI perbuatan TIDAK MENYENANGKAN\n\nKelakuan sontoloyo USER sangat MENGANGGU persatuan BANGSA\n\nKelakuan NAIF USER secara TIDAK LANGSUNG sbg bentuk INTIMIDASI thd ULAMA\n\nKelakuan USER;0;0;0;0;1;
USER Kotor ga masalah yang penting bahagia warganya, cebong mana ngerti';0;0;0;0;1;
RT USER: Sudah kebuka satu demi satu kebusukab kubu anies sandi yg menang dengan tanpa berkah URL dan Prabowo berusaha cuci tangan;0;0;0;0;1;
USER USER Bikan Kaya Orang Bego,Bro ?Tapi...Memang,B..EGO.';0;0;0;0;1;
USER USER Orang2 bego kebanyakan minum &amp makan kotoran onta ...otak nya somplak';0;0;0;0;1;
Apa yang terkuak semuanya sudah jelas sejak awal memang itu strategi kampanye kami di tim pemenangan anies sandi URL;0;0;0;0;1;
Lembaga2 anti-korupsi masa lalu bubar krn sentuh kekuasaan. Giliran KPK kenapa PDIP partai politik penguasa yg plg ngotot ingin bubarkan KPK?;0;0;0;0;1;
USER Brahahahaaa, Cebong nya NgAhok ! \xf0\x9f\xa4\xa3\xf0\x9f\xa4\xa3 USER ((( cebong blm cebok ))) \xf0\x9f\x98\x85 USER';0;0;0;0;1;
Presiden yang anda tuduh Rezim anti Islam sudah banyak berbuat untuk Negeri ini sudah bnyak berbuat untuk umat... URL;0;0;0;0;1;
USER USER Manusia bangsad -.-';0;0;0;0;1;
RT USER Nanya di mana Prabowo dan PKS saja Bib kan asoy tuh dianggap antek Prabowo dan antek PKS. Hidupmu pasti lebih dramatis;0;0;0;0;1;
USER USER Udah minta maaf kunyuk USER bro.\n\nEnak bgt rasan mereka....sebar hoax, minta maaf....sebar hoax lagi, minta maaf lagi.\n\nMesti d sapu dulu USER biar jera nih orang.... URL;0;0;0;0;1;
RT USER: Provider brengsek';0;0;0;0;1;
USER USER USER Yang dungu itu orang yang mau ganti presiden!!! Tp g tau siapa!!! Mikiiiir!!!!';0;0;0;0;1;
USER kampret complain rag ditanggepi fuck';0;0;0;0;1;
USER USER USER USER hah, katanya saling melengkapi. orang buktinya kamu juga goblok. gimana si?';0;0;0;0;1;
USER nek ndelok match terkhir celsi sih kudune menang mudah emyu... Tapi yo embuh sih celsi kacrut ki raiso diprediksi \xf0\x9f\x98\x82';0;0;0;0;1;
USER USER USER USER USER USER USER USER USER USER USER USER USER USER USER USER USER USER USER USER @;0;0;0;0;1;
RT USER USER USER USER USER USER USER Haha kalah ni yee org jahat pasti kalah;0;0;0;0;1;
RT USER: USER Yg cinta orba pasti meng idola kan prabowo &amp hary tanoe :D;0;0;0;0;1;
"USER USER USER USER ""BELAH"" duren yaaaa.\nGak dungu,ya gak cebong.\xf0\x9f\x98\x80\xf0\x9f\x98\x86\nMaaf ya.'";0;0;0;0;1;
pak USER perlu melanjutkan rencana USER untuk menyeret USER ke pengadilan HAM PBB ! URL;0;0;0;0;1;
Survei di Metro TV Jokowi menang dari Presiden Baru Etapi cara ngitungnya gimana ya 45% bisa ngalahin 46%;0;0;0;0;1;
Duduki Istana Negara !! Sekalian Lengserkan Jokowi Salam2Tahun USER;0;0;0;0;1;
RT USER Wah hebatnya pak USER.... Yg lg sibuk pencitraan... USER.. USER.. USER ..USER.... BACA NIH;0;0;0;0;1;
RT USER USER jongos penista agama ahok sok sok ngong SARA.majikan nya penebar SARA astagfirllah. Tobat;0;0;0;0;1;
Menurut Wibisono, pencitraan Jokowi telah disebarkan up media massa pro asing, sehingga terkesan Jokowi berhasil.;0;0;0;0;1;
RT USER: USER USER adian gaya lu kaya beruk. Gini klo supir tembak metromini masuk dpr.\nKampungan lu.';0;0;0;0;1;
"USER USER.. Km terlalu mainstream mengaartikan ""pintar"". Pintar itu relatif tergantung mo dibawa kemana pengertiannya. Spt anda pintar meng-undeeestimate-kan org. Gw pinter komen ajah. Rejim now pinter mangkrakin janji2 doang. So...making";0;0;0;0;1;
USER USER USER USER Gw terpukaukaukau #2019GantiPresiden;0;0;0;0;1;
USER USER Ahhh itu kan perasaanmu saja utk menghibur diri.. mana ada cebong tdk bahagia.. presiden cebong punya... tol cebong punya... lha elo? Punya cuma germo \xf0\x9f\x98\x82\xf0\x9f\x98\x82\xf0\x9f\x98\x82';0;0;0;0;1;
Kami lebih resah anda jd presiden!!!! hidup anda penuh drama dan pencitraan, main FTV aja joko judulnya URL;0;0;0;0;1;
PapaMintaKetuaFraksi rakyat mau nya setya novanto keluar dari dpr bukan di pecat dari ketua dpr percuma saya di pecat dan masih ada di dpr;0;0;0;0;1;
Itu yg pada ribut komunis blabla mungkin emoh baca. Yg baca pun kalo punya niat agitasi nyerang pemerintah pake ini cari simpatisan;0;0;0;0;1;
USER Gak vital gimana?udah dari kapan inter gak punya bek kanan yg bisa jd pembeda, terakhir itu ya era maicon, D'ambrosio juga baru2 setelah kedatangan cancelo bagusnya...\nHmmmm,,,berarti kesimpulannya yg geblek ausilio ini... \xf0\x9f\x98\x81\xf0;0;0;0;0;1;
43. Contoh lain: meski banyak tudingan dugaan korupsi tapi SBY tdk pernah dorong kejaksaan usut. Apalagi himbau KPK usut dugaan korupsi Jokowi;0;0;0;0;1;
RT USER USER Yg ada, cacimaki penista agama tapi ternyata ketauan poligami ngumpet2. Apa mau digituin? Saya sih ogah.;0;0;0;0;1;
USER Bubarin nkri harga mati;0;0;0;0;1;
USER USER USER USER Semua itu terdapat pada kelakuan bani CEBONG....';0;0;0;0;1;
USER USER Cebong makin kepanasan jadi makin ngawur. \xf0\x9f\x98\x95\xf0\x9f\x98\x95';0;0;0;0;1;
Nah..klo PKI alias Partai Korupsi Indonesia perlu diganyang juga ga?;0;0;0;0;1;
USER USER Ganti rezim kacung lah.. Cebong mah gitu kalo ditanya';0;0;0;0;1;
"Segala permasalahan saat ini hanya ada satu solusi #2019GantiPresiden ; Jika pun tdk berdampak signifikan,sekurang?nya kita telah mengobati dan mencegah penyakit ini bertambah parah.";0;0;0;0;1;
USER Culun mending kampung jes';0;0;0;0;1;
USER Hah? Wah bangke emang nih truk';0;0;0;0;1;
USER Cebong, kampret, dan onta juga ngak bersinggungan dengan laut';0;0;0;0;1;
USER USER USER USER USER USER USER USER USER USER USER Coba ngaca n introspeksi,apakah keluarga anda yg gak pake hijab komunis jga?,otak dipakai jgn cmn jd property or pa;0;0;0;0;1;
COPOT Darmin Nasution Menko Perekonomian BODOH yang turunkan daya beli sejak menjabat USER USER;0;0;0;0;1;
Berhasil Penjarakan Ahok, Alumni 212 Pendukung Rizieq Akan Lengserkan Jokowi Usai Lebaran;0;0;0;0;1;
USER USER Bersabar, berdoa, usaha, ikhtiar... Mudah-mudahan bentar lagi #2019GantiPresiden gak pake contekan, gak pake planga-plongo... ?;0;0;0;0;1;
Celeng nya bang acon susah bgt dah \xf0\x9f\x98\xa;0;0;0;0;1;
USER tapi kenapa kamu malah cari musuh! dasar peranakan cebong kampret!';0;0;0;0;1;
USER USER USER Yang juara ngibul kan junjungan kalian wahai bani kampret 212';0;0;0;0;1;
USER Tanya amin rais.. Dulu dia yg bikin kacau dan nyuruh reformasi. Pilkada salah satu hasilnya.;0;0;0;0;1;
Fahri Hamzah: Kalau Saya Jadi Presiden KPK Akan Saya Bubarkan URL;0;0;0;0;1;
Doi tuh native speaker ya.\n\nMother language-nya english.\n\nKomen dijaga dong bangsad';0;0;0;0;1;
USER Mungkin mrk slh tulis atau slh sebut aja Bu ... \nMkst nya mungkin CEBONG MUDA KAMPUNGAN , \xf0\x9f\x98\x81\xf0\x9f\x98\x81\xf0\x9f\x98\x81';0;0;0;0;1;
USER USER USER USER Emang perlu pak kyai staquf nyebut suku ras biar mudah dipahami nalar ente yg bahlul, ane tanya ente soal arab yg mana yg ente sembah aja gk bisa jawab, ane sodorin arab bani saud yg pro israel eh ente pura2;0;0;0;0;1;
RT USER Bubarkan DPR BUBARKAN.. SAVEKPK;0;0;0;0;1;
Gua daiping mampus lu junedi';0;0;0;0;1;
RT USER: Suciwati: Revolusi Mental Jokowi Omong Kosong/Bualan. Jika Setuju RT &amp Comment URL;0;0;0;0;1;
USER Jangan jangan otak makelar penjual asset negara apa maling asset negara ? \xf0\x9f\x91\x89USER pertamina di jual mau di isi TKA dari Tiongkok \xe2\x9d\x93#2019GantiPresiden \nURL;0;0;0;0;1;
"USER Akun Siti Fatimah &amp; yg komen di lamannya, diringkes semua aja...parah &amp; bejat. Memalukan...!!! Bp USER ...semoga sehat selalu, tetap sabar , &amp; semangat terus suarakan kebenaran....'";0;0;0;0;1;
USER USER USER Bawang putih itu sdg kafir haram lagi..\nHiks.hiks..hiks';0;0;0;0;1;
Setuju ahokers lengserkan ke prabon jokowi daripada ancurin penjara ga karuan.. URL;0;0;0;0;1;
Presiden paling buruk dalam sejarah bangsa2 cebong';0;0;0;0;1;
RT USER: Ku dah padah eh, even kau bodo bulak curang pun dgn ompuan ya. Nya still maok kau. Segal sayang eh. Kau bodo sikpande hrgai\xe2\x80\xa6';0;0;0;0;1;
USER USER Biadab tuh oknum aparat keparat';0;0;0;0;1;
Wuakkakaa.. mampuss!! ga salah gue diblock dia sejak jaman Jokowi Ahok nyagub. Gaya lo toong.. toong.. Anies sandi URL;0;0;0;0;1;
USER Ha ha kocak ...kalabong emang dungu';0;0;0;0;1;
USER Ehhhhh BANDOT USER LU MAU KRITIK PAK JOKOWI AMPE MENCRET DARAH IS OK....\nTPI KLO LU HINA, FITNAH... KAMI AKAN AMBIL TINDAKAN.... \nPAK JOKOWI PRESIDEN !!! PEMIMPIN NEGARA... \nLU PEMIMPIN AGAMA TPI SALAH KAPRAH LUUUU';0;0;0;0;1;
Astagfirullah mata gw ternodai \nTerkutuk kau yg ngert bokep \xf0\x9f\x98\xad[]';0;0;0;0;1;
USER pergi lo bangkai';0;0;0;0;1;
Aamiin ya rabb.. Tolong USER Indonesia ya Alah dgn yg lebiiihhhh baik..;0;0;0;0;1;
Yang kita bela adl Pancasila dan Kedaulatan Negara. Kalau USER tidak mendukung, maka LENGSERKAN SAJA!!... Saat ini Ancaman sudah Nyata!!.;0;0;0;0;1;
PROYEK SARACEN UTK GANJAL PELANTIKAN ANIES MSH TERUUS.... Temuan Baru Kasus Saracen, Ada Foto Tokoh partai politik;0;0;0;0;1;
USER ITULAH si ahok kutil babi;0;0;0;0;1;
Pak jokowi kasian jg goregan PBB;0;0;0;0;1;
Kapolri USER harusnya mundur dari jabatannya...;0;0;0;0;1;
RT USER USER USER Baru 3tahun dah segitu ya bentar lagi lewat utang sby njiiieng;0;0;0;0;1;
Negara kayak menipu bocah SD aje.. Dokumennya hilang ... Fuih..;0;0;0;0;1;
RT USER ogah prabowo+pak gatot baru ok;0;0;0;0;1;
USER najis lo ngedm gajelas dm gue ga dibales bodo amat , gue doain nanti pentas.lo ga menang';0;0;0;0;1;
Jd cowo banyak bacot amat si ajg mau gua gampar aja rasanya []';0;0;0;0;1;
"#ILCBoedionoCentury ketika ini terjadi, saya ikuti kasus ini cukup intens. Meski sekarang agak lupa...; Tapi kuncinya kita cuma butuh 2019 Ganti Presiden! Itu...";0;0;0;0;1;
Maju Gubernurnya Sengsara Relawannya;0;0;0;0;1;
RT USER: Copras calon presiden.. Ndak mikir.. Ndak mikirrrr... (Ndak mikir apa si kowi 1 periode aja babak belur..) URL;0;0;0;0;1;
